{"providers":[{"type":"bitmap","file":"font/background.png","ascent":2,"height":24,"chars":[""]},{"type":"bitmap","file":"font/frog_empty.png","ascent":16,"height":16,"chars":[""]},{"type":"bitmap","file":"font/frog_bronze.png","ascent":16,"height":16,"chars":[""]},{"type":"bitmap","file":"font/frog_silver.png","ascent":16,"height":16,"chars":[""]},{"type":"bitmap","file":"font/frog_gold.png","ascent":16,"height":16,"chars":[""]},{"type":"bitmap","file":"font/gem_empty.png","ascent":16,"height":16,"chars":[""]},{"type":"bitmap","file":"font/gem_green.png","ascent":16,"height":16,"chars":[""]},{"type":"bitmap","file":"font/gem_red.png","ascent":16,"height":16,"chars":[""]},{"type":"bitmap","file":"font/gem_green_split_0.png","ascent":16,"height":16,"chars":[""]},{"type":"bitmap","file":"font/gem_green_split_1.png","ascent":16,"height":16,"chars":[""]},{"type":"bitmap","file":"font/gem_green_split_3.png","ascent":16,"height":16,"chars":[""]},{"type":"bitmap","file":"font/reset.png","ascent":0,"height":32,"chars":[""]},{"type":"bitmap","file":"font/forward.png","ascent":0,"height":32,"chars":[""]},{"type":"bitmap","file":"font/back.png","ascent":0,"height":32,"chars":[""]},{"type":"bitmap","file":"font/time_0.png","ascent":2,"height":2,"chars":[""]},{"type":"bitmap","file":"font/time_1.png","ascent":2,"height":2,"chars":[""]},{"type":"bitmap","file":"font/time_2.png","ascent":2,"height":2,"chars":[""]},{"type":"bitmap","file":"font/time_3.png","ascent":2,"height":2,"chars":[""]},{"type":"bitmap","file":"font/time_4.png","ascent":2,"height":2,"chars":[""]},{"type":"bitmap","file":"font/time_5.png","ascent":2,"height":2,"chars":[""]},{"type":"bitmap","file":"font/time_6.png","ascent":2,"height":2,"chars":[""]},{"type":"bitmap","file":"font/time_7.png","ascent":2,"height":2,"chars":[""]},{"type":"bitmap","file":"font/time_8.png","ascent":2,"height":2,"chars":[""]},{"type":"bitmap","file":"font/time_9.png","ascent":2,"height":2,"chars":[""]},{"type":"bitmap","file":"font/time_10.png","ascent":2,"height":2,"chars":[""]},{"type":"bitmap","file":"font/time_icon.png","ascent":9,"height":16,"chars":[""]},{"type":"bitmap","file":"space:font/splitter.png","ascent":-9999,"height":-2,"chars":["󀀀"]},{"type":"space","advances":{"󏿾":-2,"󏿿":-1,"󐀀":0,"󐀁":1,"󐀂":2}},{"type":"space","advances":{"񏿾":-0.00041666666666666664,"񏿿":-0.00020833333333333332,"񐀀":0,"񐀁":0.00020833333333333332,"񐀂":0.00041666666666666664}}]}