{"stats":{"minecraft:crafted":{"minecraft:white_shulker_box":1},"minecraft:killed":{"minecraft:pig":1},"minecraft:picked_up":{"minecraft:nether_brick_fence":1,"minecraft:red_sand":1,"minecraft:ender_eye":3,"minecraft:white_glazed_terracotta":1,"minecraft:orange_shulker_box":1,"minecraft:debug_stick":1,"minecraft:oak_pressure_plate":1,"minecraft:barrel":1,"minecraft:shulker_box":1,"minecraft:iron_nugget":313,"minecraft:saddle":1,"minecraft:white_shulker_box":15,"minecraft:paper":47},"minecraft:dropped":{"minecraft:clay":36,"minecraft:acacia_boat":4,"minecraft:piston":1,"minecraft:oak_pressure_plate":2,"minecraft:purple_glazed_terracotta":1,"minecraft:glass_bottle":4,"minecraft:cyan_glazed_terracotta":1,"minecraft:lime_stained_glass":1,"minecraft:red_sandstone":1,"minecraft:jungle_fence":1,"minecraft:lantern":4,"minecraft:jungle_planks":12,"minecraft:red_sandstone_wall":1,"minecraft:saddle":1,"minecraft:bedrock":1,"minecraft:rail":2,"minecraft:item_frame":5,"minecraft:orange_glazed_terracotta":2,"minecraft:cobblestone_stairs":1,"minecraft:stripped_warped_hyphae":2,"minecraft:cyan_terracotta":1,"minecraft:cracked_polished_blackstone_bricks":1,"minecraft:dirt":9,"minecraft:grass":5,"minecraft:chain":8,"minecraft:white_stained_glass_pane":3,"minecraft:bone_meal":1,"minecraft:stripped_oak_wood":1,"minecraft:black_concrete":3,"minecraft:acacia_door":1,"minecraft:pink_glazed_terracotta":2,"minecraft:small_amethyst_bud":1,"minecraft:birch_stairs":1,"minecraft:brown_mushroom_block":1,"minecraft:armor_stand":1,"minecraft:pink_concrete":1,"minecraft:blackstone":2,"minecraft:diamond_block":1,"minecraft:iron_nugget":326,"minecraft:pig_spawn_egg":2,"minecraft:andesite_slab":2,"minecraft:oak_planks":2,"minecraft:white_candle":1,"minecraft:yellow_stained_glass":1,"minecraft:jungle_trapdoor":1,"minecraft:nether_brick_fence":3,"minecraft:orange_stained_glass":1,"minecraft:azalea_leaves":8,"minecraft:oak_wood":1,"minecraft:quartz_block":3,"minecraft:hopper":1,"minecraft:azalea":2,"minecraft:ladder":12,"minecraft:purple_concrete_powder":1,"minecraft:spruce_slab":4,"minecraft:blackstone_slab":4,"minecraft:iron_bars":2,"minecraft:cyan_concrete":1,"minecraft:glass":1,"minecraft:oak_leaves":7,"minecraft:white_glazed_terracotta":1,"minecraft:polished_granite":1,"minecraft:purple_carpet":1,"minecraft:orange_shulker_box":1,"minecraft:stripped_spruce_log":5,"minecraft:vine":1,"minecraft:lilac":1,"minecraft:mossy_cobblestone":2,"minecraft:oak_fence":3,"minecraft:purpur_slab":1,"minecraft:cobblestone":7,"minecraft:barrier":6,"minecraft:dark_prismarine_slab":2,"minecraft:andesite_wall":1,"minecraft:purple_concrete":1,"minecraft:amethyst_block":3,"minecraft:granite":2,"minecraft:command_block":2,"minecraft:nether_brick_wall":1,"minecraft:polished_blackstone_button":2,"minecraft:grass_block":26,"minecraft:polished_blackstone_stairs":1,"minecraft:iron_block":2,"minecraft:brown_concrete_powder":1,"minecraft:gray_wool":2,"minecraft:diorite":1,"minecraft:smooth_red_sandstone":4,"minecraft:iron_trapdoor":4,"minecraft:light_blue_stained_glass":1,"minecraft:torch":2,"minecraft:light_blue_wool":3,"minecraft:wooden_axe":7,"minecraft:white_concrete":1,"minecraft:yellow_glazed_terracotta":1,"minecraft:light_gray_stained_glass":2,"minecraft:potion":22,"minecraft:smooth_quartz_slab":5,"minecraft:magenta_glazed_terracotta":1,"minecraft:blue_glazed_terracotta":1,"minecraft:paper":992,"minecraft:light_blue_stained_glass_pane":3,"minecraft:redstone_block":1,"minecraft:hanging_roots":1,"minecraft:pink_tulip":1,"minecraft:red_concrete":3,"minecraft:nether_brick_slab":1,"minecraft:bricks":3,"minecraft:player_head":4,"minecraft:dark_prismarine_stairs":1,"minecraft:cobblestone_wall":4,"minecraft:tuff":1,"minecraft:sticky_piston":1,"minecraft:orange_concrete":5,"minecraft:tall_grass":14,"minecraft:white_carpet":1,"minecraft:light_gray_wool":1,"minecraft:structure_block":1,"minecraft:ender_eye":4,"minecraft:stone_slab":1,"minecraft:debug_stick":4,"minecraft:white_shulker_box":3,"minecraft:light_blue_concrete":6,"minecraft:orange_wool":5,"minecraft:nether_bricks":1,"minecraft:oak_sign":2,"minecraft:totem_of_undying":23,"minecraft:spruce_fence":1,"minecraft:red_terracotta":1,"minecraft:flint_and_steel":1,"minecraft:cobblestone_slab":1,"minecraft:hay_block":1,"minecraft:stone":3,"minecraft:spruce_trapdoor":1,"minecraft:spruce_planks":7,"minecraft:andesite":11,"minecraft:quartz_stairs":1,"minecraft:pink_wool":1,"minecraft:andesite_stairs":2,"minecraft:barrel":5,"minecraft:stone_bricks":2,"minecraft:gray_concrete_powder":2,"minecraft:bamboo":1,"minecraft:red_sand":3,"minecraft:orange_stained_glass_pane":3,"minecraft:stripped_spruce_wood":3,"minecraft:dark_prismarine":2,"minecraft:black_wool":1,"minecraft:quartz_slab":2,"minecraft:terracotta":5},"minecraft:used":{"minecraft:moss_block":82,"minecraft:moss_carpet":3,"minecraft:nether_brick_fence":232,"minecraft:light_blue_stained_glass_pane":217,"minecraft:red_sand":521,"minecraft:light_gray_stained_glass_pane":10,"minecraft:smooth_quartz_slab":252,"minecraft:dispenser":1,"minecraft:spruce_slab":345,"minecraft:polished_blackstone":6,"minecraft:ladder":199,"minecraft:oak_sign":46,"minecraft:chest":1,"minecraft:white_terracotta":238,"minecraft:brown_concrete":31,"minecraft:stone":1066,"minecraft:white_shulker_box":16,"minecraft:stripped_jungle_wood":14,"minecraft:bell":1,"minecraft:quartz_stairs":9,"minecraft:grass":254,"minecraft:player_head":190,"minecraft:farmland":53,"minecraft:white_candle":5,"minecraft:debug_stick":679,"minecraft:pink_candle":4,"minecraft:brick_slab":28,"minecraft:blue_stained_glass":65,"minecraft:orange_glazed_terracotta":168,"minecraft:jungle_planks":2012,"minecraft:nether_bricks":204,"minecraft:prismarine_brick_stairs":26,"minecraft:jungle_slab":508,"minecraft:orange_wool":212,"minecraft:tuff":23,"minecraft:beehive":50,"minecraft:stripped_spruce_log":708,"minecraft:polished_blackstone_slab":25,"minecraft:glass":183,"minecraft:packed_ice":51,"minecraft:honey_block":28,"minecraft:cyan_terracotta":82,"minecraft:lava_bucket":1,"minecraft:bricks":970,"minecraft:coal_ore":5,"minecraft:quartz_pillar":49,"minecraft:quartz_slab":31,"minecraft:jungle_fence_gate":1,"minecraft:red_wool":163,"minecraft:black_stained_glass_pane":92,"minecraft:lantern":50,"minecraft:grass_block":4174,"minecraft:orange_shulker_box":1,"minecraft:polished_andesite_stairs":3,"minecraft:quartz_block":144,"minecraft:mossy_cobblestone_slab":1,"minecraft:gray_concrete_powder":54,"minecraft:diorite_wall":74,"minecraft:pink_wool":51,"minecraft:stone_brick_stairs":173,"minecraft:stone_bricks":1057,"minecraft:item_frame":164,"minecraft:bedrock":17,"minecraft:repeater":12,"minecraft:red_stained_glass_pane":35,"minecraft:red_carpet":38,"minecraft:honeycomb_block":50,"minecraft:magma_block":6,"minecraft:hay_block":113,"minecraft:scaffolding":1,"minecraft:jungle_button":12,"minecraft:yellow_glazed_terracotta":131,"minecraft:acacia_fence":14,"minecraft:gold_block":1,"minecraft:seagrass":4,"minecraft:green_stained_glass_pane":16,"minecraft:brown_concrete_powder":184,"minecraft:polished_blackstone_stairs":80,"minecraft:stripped_spruce_wood":590,"minecraft:lime_glazed_terracotta":118,"minecraft:dark_oak_stairs":11,"minecraft:diorite":384,"minecraft:brick_wall":17,"minecraft:mangrove_planks":51,"minecraft:blackstone_stairs":65,"minecraft:jungle_fence":110,"minecraft:oak_planks":119,"minecraft:lime_concrete_powder":59,"minecraft:cactus":39,"minecraft:blackstone":954,"minecraft:black_glazed_terracotta":2,"minecraft:redstone_block":82,"minecraft:clay":9521,"minecraft:smooth_quartz_stairs":99,"minecraft:oak_leaves":664,"minecraft:white_wool":43,"minecraft:purpur_stairs":22,"minecraft:yellow_terracotta":4,"minecraft:light_blue_concrete":378,"minecraft:light_blue_wool":203,"minecraft:smooth_red_sandstone":442,"minecraft:light_gray_terracotta":72,"minecraft:yellow_concrete":265,"minecraft:stone_brick_wall":57,"minecraft:blackstone_wall":35,"minecraft:dripstone_block":47,"minecraft:note_block":6,"minecraft:gray_concrete":63,"minecraft:end_stone":32,"minecraft:red_sandstone_wall":4,"minecraft:purple_concrete_powder":25,"minecraft:lightning_rod":3,"minecraft:redstone_torch":3,"minecraft:sticky_piston":5,"minecraft:lever":42,"minecraft:green_concrete":24,"minecraft:blue_glazed_terracotta":898,"minecraft:red_sandstone":34,"minecraft:black_concrete":587,"minecraft:acacia_door":60,"minecraft:birch_slab":56,"minecraft:lime_carpet":6,"minecraft:brown_wool":13,"minecraft:brown_stained_glass":5,"minecraft:barrier":172,"minecraft:warped_slab":349,"minecraft:stone_button":1,"minecraft:cyan_carpet":4,"minecraft:white_glazed_terracotta":15,"minecraft:red_terracotta":240,"minecraft:polished_granite":104,"minecraft:oak_pressure_plate":3,"minecraft:lilac":62,"minecraft:polished_andesite_slab":1,"minecraft:blackstone_slab":524,"minecraft:granite_slab":18,"minecraft:stripped_warped_hyphae":324,"minecraft:coal_block":73,"minecraft:light_blue_concrete_powder":1,"minecraft:stripped_oak_wood":5,"minecraft:grindstone":34,"minecraft:dark_oak_fence":42,"minecraft:medium_amethyst_bud":3,"minecraft:andesite":2579,"minecraft:chain":620,"minecraft:pink_stained_glass":6,"minecraft:white_concrete":238,"minecraft:coarse_dirt":43,"minecraft:bone_meal":117,"minecraft:purple_wool":11,"minecraft:diorite_slab":106,"minecraft:cobweb":43,"minecraft:diorite_stairs":28,"minecraft:azalea":34,"minecraft:oak_fence":69,"minecraft:oak_trapdoor":5,"minecraft:iron_bars":518,"minecraft:granite_stairs":42,"minecraft:orange_concrete":455,"minecraft:flint_and_steel":8,"minecraft:armor_stand":10,"minecraft:red_concrete":742,"minecraft:redstone":2,"minecraft:spruce_planks":1016,"minecraft:stripped_birch_wood":9,"minecraft:polished_blackstone_wall":2,"minecraft:structure_block":70,"minecraft:orange_stained_glass":18,"minecraft:green_glazed_terracotta":30,"minecraft:torch":4,"minecraft:dirt":3326,"minecraft:white_carpet":14,"minecraft:hopper":30,"minecraft:prismarine_bricks":66,"minecraft:spruce_stairs":34,"minecraft:cobblestone_wall":141,"minecraft:pink_carpet":5,"minecraft:stone_stairs":25,"minecraft:nether_brick_slab":244,"minecraft:shulker_box":2,"minecraft:light_gray_glazed_terracotta":3,"minecraft:oak_wood":55,"minecraft:bee_nest":24,"minecraft:polished_granite_slab":7,"minecraft:jungle_trapdoor":21,"minecraft:granite":364,"minecraft:spruce_fence":134,"minecraft:light_blue_stained_glass":19,"minecraft:blue_concrete":69,"minecraft:nether_brick_stairs":27,"minecraft:polished_diorite":29,"minecraft:andesite_wall":125,"minecraft:purple_stained_glass_pane":8,"minecraft:stone_brick_slab":14,"minecraft:dark_oak_planks":36,"minecraft:sea_lantern":22,"minecraft:light_gray_stained_glass":56,"minecraft:yellow_stained_glass":42,"minecraft:iron_block":232,"minecraft:oak_stairs":2,"minecraft:brick_stairs":49,"minecraft:slime_block":36,"minecraft:warped_fence":42,"minecraft:acacia_slab":26,"minecraft:crimson_slab":18,"minecraft:smooth_quartz":330,"minecraft:totem_of_undying":169,"minecraft:pink_stained_glass_pane":8,"minecraft:barrel":14,"minecraft:bamboo":14,"minecraft:yellow_concrete_powder":7,"minecraft:light_gray_wool":25,"minecraft:purple_concrete":41,"minecraft:lime_concrete":206,"minecraft:warped_stairs":8,"minecraft:tall_grass":834,"minecraft:gray_glazed_terracotta":2,"minecraft:iron_trapdoor":600,"minecraft:lime_stained_glass":157,"minecraft:oxidized_copper":32,"minecraft:white_stained_glass_pane":27,"minecraft:orange_terracotta":68,"minecraft:orange_stained_glass_pane":180,"minecraft:hanging_roots":12,"minecraft:calcite":27,"minecraft:wheat_seeds":41,"minecraft:water_bucket":164,"minecraft:nether_brick_wall":34,"minecraft:pink_tulip":1,"minecraft:amethyst_block":87,"minecraft:cobblestone_stairs":138,"minecraft:light_blue_glazed_terracotta":148,"minecraft:pink_glazed_terracotta":502,"minecraft:prismarine_brick_slab":389,"minecraft:birch_planks":16,"minecraft:polished_andesite":33,"minecraft:lime_wool":7,"minecraft:andesite_slab":135,"minecraft:copper_block":28,"minecraft:purple_glazed_terracotta":117,"minecraft:red_glazed_terracotta":1172,"minecraft:cobblestone_slab":68,"minecraft:gold_ore":4,"minecraft:pink_concrete":83,"minecraft:cyan_glazed_terracotta":428,"minecraft:polished_blackstone_pressure_plate":3,"minecraft:vine":65,"minecraft:mossy_cobblestone":27,"minecraft:diamond_block":61,"minecraft:rail":47,"minecraft:lime_terracotta":9,"minecraft:terracotta":377,"minecraft:stripped_dark_oak_log":10,"minecraft:oak_slab":251,"minecraft:dark_prismarine_slab":28,"minecraft:tnt":28,"minecraft:crafting_table":1,"minecraft:phantom_spawn_egg":1,"minecraft:birch_sign":9,"minecraft:yellow_stained_glass_pane":25,"minecraft:campfire":7,"minecraft:brown_glazed_terracotta":6,"minecraft:smooth_red_sandstone_stairs":11,"minecraft:warped_planks":62,"minecraft:small_amethyst_bud":2,"minecraft:gray_terracotta":99,"minecraft:piston":28,"minecraft:dark_prismarine":60,"minecraft:ender_eye":2,"minecraft:black_wool":16,"minecraft:warped_trapdoor":9,"minecraft:stripped_jungle_log":8,"minecraft:command_block":36,"minecraft:oak_button":4,"minecraft:stone_slab":23,"minecraft:jungle_stairs":232,"minecraft:cyan_concrete":7,"minecraft:purpur_slab":26,"minecraft:spruce_trapdoor":18,"minecraft:yellow_wool":308,"minecraft:brown_stained_glass_pane":37,"minecraft:cobblestone":1341,"minecraft:potion":4,"minecraft:azalea_leaves":2583,"minecraft:cyan_stained_glass_pane":8,"minecraft:mud_brick_wall":29,"minecraft:crimson_stairs":42,"minecraft:red_concrete_powder":51,"minecraft:andesite_stairs":514,"minecraft:glass_pane":18,"minecraft:magenta_glazed_terracotta":10,"minecraft:repeating_command_block":35,"minecraft:polished_blackstone_button":70,"minecraft:end_portal_frame":4,"minecraft:sea_pickle":63,"minecraft:purple_carpet":9,"minecraft:gray_wool":33,"minecraft:brown_mushroom_block":2,"minecraft:smooth_stone":35,"minecraft:birch_stairs":9,"minecraft:soul_torch":2},"minecraft:custom":{"minecraft:interact_with_crafting_table":1,"minecraft:open_barrel":15,"minecraft:open_shulker_box":84,"minecraft:leave_game":135,"minecraft:time_since_death":511061,"minecraft:sprint_one_cm":9012798,"minecraft:drop":1478,"minecraft:play_time":4860448,"minecraft:deaths":15,"minecraft:jump":67231,"minecraft:walk_on_water_one_cm":31108,"minecraft:damage_dealt":100,"minecraft:crouch_one_cm":358383,"minecraft:mob_kills":1,"minecraft:climb_one_cm":37310,"minecraft:walk_one_cm":1202751,"minecraft:sneak_time":189401,"minecraft:walk_under_water_one_cm":10227,"minecraft:total_world_time":8685855,"minecraft:tune_noteblock":74,"minecraft:interact_with_grindstone":7,"minecraft:time_since_rest":511062,"minecraft:damage_absorbed":560,"minecraft:damage_taken":81820,"minecraft:trigger_trapped_chest":10,"minecraft:swim_one_cm":1431,"minecraft:fly_one_cm":41465385,"minecraft:pig_one_cm":10560,"minecraft:open_chest":35,"minecraft:fall_one_cm":2415278}},"DataVersion":3218}