{"credits":"@LunaAF","parent":"item/generated","textures":{"layer0":"item/ender_eye"},"overrides":[{"predicate":{"custom_model_data":10},"model":"ghost/hat_antlers"},{"predicate":{"custom_model_data":11},"model":"ghost/hat_elegant"},{"predicate":{"custom_model_data":12},"model":"ghost/hat_flowers"},{"predicate":{"custom_model_data":13},"model":"ghost/hat_rainbow"},{"predicate":{"custom_model_data":14},"model":"ghost/hat_straw"},{"predicate":{"custom_model_data":15},"model":"ghost/hat_witch"},{"predicate":{"custom_model_data":16},"model":"ghost/hat_samurai"},{"predicate":{"custom_model_data":20},"model":"ghost/item_sparkler"},{"predicate":{"custom_model_data":21},"model":"ghost/item_umbrella"},{"predicate":{"custom_model_data":22},"model":"ghost/item_bouqet"},{"predicate":{"custom_model_data":23},"model":"ghost/item_backpack"},{"predicate":{"custom_model_data":24},"model":"ghost/item_popsicle"},{"predicate":{"custom_model_data":25},"model":"ghost/item_broom"},{"predicate":{"custom_model_data":26},"model":"ghost/item_katana"}]}