{"display":{"thirdperson_righthand":{"rotation":[0,135,0],"translation":[0,1.5,-1.5],"scale":[0.5,0.5,0.5]},"thirdperson_lefthand":{"rotation":[0,135,0],"translation":[0,1.5,-1.5],"scale":[0.5,0.5,0.5]},"firstperson_righthand":{"rotation":[-23,150,19],"translation":[2,4.75,0],"scale":[0.65,0.65,0.65]},"firstperson_lefthand":{"rotation":[-23,150,19],"translation":[2,4.75,0],"scale":[0.65,0.65,0.65]},"ground":{"translation":[0,5,0]},"gui":{"rotation":[43,-180,28],"translation":[1,1.25,0]}},"texture_size":[32,32],"textures":{"0":"item/drinks","particle":"item/drinks"},"elements":[{"from":[5.5,0,5.5],"to":[10.5,9,10.5],"faces":{"north":{"uv":[6,9,8.5,13.5],"texture":"#0"},"east":{"uv":[8.5,9,11,13.5],"texture":"#0"},"south":{"uv":[8.5,9,11,13.5],"texture":"#0"},"west":{"uv":[8.5,9,11,13.5],"texture":"#0"},"up":{"uv":[15,9,12.5,11.5],"texture":"#0"},"down":{"uv":[12.5,9,15,11.5],"texture":"#0"}}},{"from":[6.5,9,6.5],"to":[9.5,14,9.5],"faces":{"north":{"uv":[11,9,12.5,11.5],"texture":"#0"},"east":{"uv":[11,9,12.5,11.5],"texture":"#0"},"south":{"uv":[11,9,12.5,11.5],"texture":"#0"},"west":{"uv":[11,9,12.5,11.5],"texture":"#0"},"up":{"uv":[11,9,12.5,10],"texture":"#0"},"down":{"uv":[11,9,12.5,11.5],"texture":"#0"}}}],"gui_light":"front"}