{"display":{"gui":{"rotation":[21,41,0],"translation":[0,-3.25,0],"scale":[0.69,0.69,0.69]},"head":{"translation":[0,3.5,0],"scale":[1.6,1.6,1.6]}},"textures":{"0":"item/hat_antlers","particle":"item/hat_antlers"},"elements":[{"from":[7.03942,11.14751,7],"to":[14.03942,13.14751,9],"rotation":{"angle":45,"axis":"z","origin":[16.53942,12.39751,8]},"faces":{"north":{"uv":[7,12,14,14],"texture":"#0"},"east":{"uv":[5.125,7,6.5,8.375],"texture":"#missing"},"south":{"uv":[14,12,7,14],"texture":"#0"},"west":{"uv":[12,14,14,16],"texture":"#0"},"up":{"uv":[7,10,14,12],"texture":"#0"},"down":{"uv":[14,14,7,16],"texture":"#0"}}},{"from":[13.78519,12.83265,6.98],"to":[20.82519,14.87265,9.02],"rotation":{"angle":22.5,"axis":"z","origin":[23.30519,14.10265,8]},"faces":{"north":{"uv":[0,12,7,14],"texture":"#0"},"east":{"uv":[0,12,1,14],"texture":"#0"},"south":{"uv":[7,12,0,14],"texture":"#0"},"west":{"uv":[3.375,10.375,3.5,10.5],"texture":"#missing"},"up":{"uv":[0,12,7,13],"texture":"#0"},"down":{"uv":[7,14,0,16],"texture":"#0"}}},{"from":[11,10.25,8],"to":[23,20.25,8],"rotation":{"angle":22.5,"axis":"z","origin":[16.53942,12.39751,8]},"faces":{"north":{"uv":[0,0,12,10],"texture":"#0"},"east":{"uv":[5.125,7,6.5,8.375],"texture":"#missing"},"south":{"uv":[12,0,0,10],"texture":"#0"},"west":{"uv":[5.125,7,6.5,8.375],"texture":"#missing"},"up":{"uv":[5.125,7,6.5,8.375],"texture":"#missing"},"down":{"uv":[5.125,7,6.5,8.375],"texture":"#missing"}}},{"from":[1.96058,11.14751,7],"to":[8.96058,13.14751,9],"rotation":{"angle":-45,"axis":"z","origin":[-0.53942,12.39751,8]},"faces":{"north":{"uv":[14,12,7,14],"texture":"#0"},"east":{"uv":[12,14,14,16],"texture":"#0"},"south":{"uv":[7,12,14,14],"texture":"#0"},"west":{"uv":[6.5,7,5.125,8.375],"texture":"#missing"},"up":{"uv":[14,10,7,12],"texture":"#0"},"down":{"uv":[7,14,14,16],"texture":"#0"}}},{"from":[-7,10.25,8],"to":[5,20.25,8],"rotation":{"angle":-22.5,"axis":"z","origin":[-0.53942,12.39751,8]},"faces":{"north":{"uv":[12,0,0,10],"texture":"#0"},"east":{"uv":[6.5,7,5.125,8.375],"texture":"#missing"},"south":{"uv":[0,0,12,10],"texture":"#0"},"west":{"uv":[6.5,7,5.125,8.375],"texture":"#missing"},"up":{"uv":[6.5,7,5.125,8.375],"texture":"#missing"},"down":{"uv":[6.5,7,5.125,8.375],"texture":"#missing"}}},{"from":[-4.82519,12.83265,6.98],"to":[2.21481,14.87265,9.02],"rotation":{"angle":-22.5,"axis":"z","origin":[-7.30519,14.10265,8]},"faces":{"north":{"uv":[7,12,0,14],"texture":"#0"},"east":{"uv":[3.5,10.375,3.375,10.5],"texture":"#missing"},"south":{"uv":[0,12,7,14],"texture":"#0"},"west":{"uv":[0,12,1,14],"texture":"#0"},"up":{"uv":[0,12,7,13],"texture":"#0"},"down":{"uv":[0,14,7,16],"texture":"#0"}}}],"gui_light":"front"}