{"display":{"gui":{"rotation":[20,45,0],"scale":[0.6,0.6,0.6]},"head":{"translation":[0,6,0],"scale":[1.5,1.5,1.5]}},"texture_size":[32,32],"textures":{"0":"item/hat_straw","particle":"item/hat_straw"},"elements":[{"from":[-1,5,-1],"to":[17,5,17],"rotation":{"angle":0,"axis":"x","origin":[7,9.5,8]},"faces":{"north":{"uv":[5.125,7,6.5,8.375],"texture":"#missing"},"east":{"uv":[5.125,7,6.5,8.375],"texture":"#missing"},"south":{"uv":[5.125,7,6.5,8.375],"texture":"#missing"},"west":{"uv":[5.125,7,6.5,8.375],"texture":"#missing"},"up":{"uv":[0,0,9,9],"texture":"#0"},"down":{"uv":[0,0,9,9],"texture":"#0"}}},{"from":[-1,5,-4],"to":[17,5,-1],"rotation":{"angle":22.5,"axis":"x","origin":[8,5,-1]},"faces":{"north":{"uv":[5.125,7,6.5,8.375],"texture":"#missing"},"east":{"uv":[5.125,7,6.5,8.375],"texture":"#missing"},"south":{"uv":[5.125,7,6.5,8.375],"texture":"#missing"},"west":{"uv":[5.125,7,6.5,8.375],"texture":"#missing"},"up":{"uv":[0,10.5,9,9],"texture":"#0"},"down":{"uv":[0,9,9,10.5],"texture":"#0"}}},{"from":[-1,5,17],"to":[17,5,20],"rotation":{"angle":-22.5,"axis":"x","origin":[8,5,17]},"faces":{"north":{"uv":[6.5,7,5.125,8.375],"texture":"#missing"},"east":{"uv":[6.5,7,5.125,8.375],"texture":"#missing"},"south":{"uv":[6.5,7,5.125,8.375],"texture":"#missing"},"west":{"uv":[6.5,7,5.125,8.375],"texture":"#missing"},"up":{"uv":[0,9,9,10.5],"texture":"#0"},"down":{"uv":[0,10.5,9,9],"texture":"#0"}}},{"from":[-3.09525,1.59954,-1],"to":[-0.09525,1.59954,17],"rotation":{"angle":-22.5,"axis":"z","origin":[8,5.57403,8]},"faces":{"north":{"uv":[6.5,7,5.125,8.375],"texture":"#missing"},"east":{"uv":[6.5,7,5.125,8.375],"texture":"#missing"},"south":{"uv":[6.5,7,5.125,8.375],"texture":"#missing"},"west":{"uv":[6.5,7,5.125,8.375],"texture":"#missing"},"up":{"uv":[0,9,9,10.5],"rotation":90,"texture":"#0"},"down":{"uv":[0,9,9,10.5],"rotation":90,"texture":"#0"}}},{"from":[16.09525,1.59954,-1],"to":[19.09525,1.59954,17],"rotation":{"angle":22.5,"axis":"z","origin":[8,5.57403,8]},"faces":{"north":{"uv":[5.125,7,6.5,8.375],"texture":"#missing"},"east":{"uv":[5.125,7,6.5,8.375],"texture":"#missing"},"south":{"uv":[5.125,7,6.5,8.375],"texture":"#missing"},"west":{"uv":[5.125,7,6.5,8.375],"texture":"#missing"},"up":{"uv":[0,10.5,9,9],"rotation":90,"texture":"#0"},"down":{"uv":[0,10.5,9,9],"rotation":90,"texture":"#0"}}},{"from":[3,5,3],"to":[13,9,13],"rotation":{"angle":0,"axis":"x","origin":[7,9.5,8]},"faces":{"north":{"uv":[9,9.5,14,7],"rotation":180,"texture":"#0"},"east":{"uv":[9,9.5,14,7],"rotation":180,"texture":"#0"},"south":{"uv":[9,9.5,14,7],"rotation":180,"texture":"#0"},"west":{"uv":[9,9.5,14,7],"rotation":180,"texture":"#0"},"up":{"uv":[9,2,14,7],"rotation":90,"texture":"#0"},"down":{"uv":[2,2,7,7],"rotation":90,"texture":"#0"}}}],"gui_light":"front"}