{"parent":"item/generated","textures":{"layer0":"item/iron_nugget"},"overrides":[{"predicate":{"custom_model_data":10},"model":"minecraft:item/frog_outline"},{"predicate":{"custom_model_data":11},"model":"minecraft:item/frog_gold"},{"predicate":{"custom_model_data":12},"model":"minecraft:item/frog_silver"},{"predicate":{"custom_model_data":13},"model":"minecraft:item/frog_bronze"},{"predicate":{"custom_model_data":20},"model":"minecraft:item/medal_outline"},{"predicate":{"custom_model_data":21},"model":"minecraft:item/medal_gold"},{"predicate":{"custom_model_data":22},"model":"minecraft:item/medal_silver"},{"predicate":{"custom_model_data":23},"model":"minecraft:item/medal_bronze"},{"predicate":{"custom_model_data":24},"model":"minecraft:item/medal_stone"},{"predicate":{"custom_model_data":30},"model":"minecraft:item/medal"}]}