{"display":{"thirdperson_righthand":{"rotation":[67.5,-180,2.5],"translation":[-5.5,-3.75,11.25]},"thirdperson_lefthand":{"rotation":[67.5,-180,2.5],"translation":[-5.5,-3.75,11.25]},"firstperson_righthand":{"scale":[0,0,0]},"firstperson_lefthand":{"scale":[0,0,0]},"ground":{"translation":[0,5,0]},"gui":{"rotation":[0,135,0],"translation":[0.75,-0.25,0],"scale":[0.75,0.75,0.75]},"head":{"rotation":[0,-180,0],"translation":[0,-9.25,3.5],"scale":[1.6,1.6,1.6]},"fixed":{"rotation":[-90,0,0],"translation":[0,-0.5,-16.5],"scale":[2,2,2]}},"texture_size":[32,32],"textures":{"0":"item/item_backpack","particle":"item/item_backpack"},"elements":[{"from":[4,0,5],"to":[12,9,8],"faces":{"north":{"uv":[2,2,6,6.5],"texture":"#0"},"east":{"uv":[0,2,1.5,6.5],"texture":"#0"},"south":{"uv":[6.5,2,10.5,6.5],"texture":"#0"},"west":{"uv":[1.5,2,0,6.5],"texture":"#0"},"up":{"uv":[2,1.5,6,0],"texture":"#0"},"down":{"uv":[2,0,6,1.5],"texture":"#0"}}},{"from":[4,5,4],"to":[12,9,5],"faces":{"north":{"uv":[2,2,6,4],"texture":"#0"},"east":{"uv":[2.5,2,2,4],"texture":"#0"},"south":{"uv":[6.5,2,10.5,6.5],"texture":"#0"},"west":{"uv":[6,2,5.5,4],"texture":"#0"},"up":{"uv":[2,2.5,6,2],"texture":"#0"},"down":{"uv":[2,3.5,6,4],"texture":"#0"}}},{"from":[5,3.25,2.35],"to":[11,6.25,2.35],"rotation":{"angle":22.5,"axis":"x","origin":[8,1.5,0]},"faces":{"north":{"uv":[11,2,14,3.5],"texture":"#0"},"east":{"uv":[0,0,0,1.5],"texture":"#missing"},"south":{"uv":[11,2,14,3.5],"texture":"#0"},"west":{"uv":[0,0,0,1.5],"texture":"#missing"},"up":{"uv":[0,0,3,0],"texture":"#missing"},"down":{"uv":[0,0,3,0],"texture":"#missing"}}},{"from":[3,2,8],"to":[5,10,13],"faces":{"north":{"uv":[6.5,7,7,11],"texture":"#0"},"east":{"uv":[9,7,6.5,11],"texture":"#0"},"south":{"uv":[8.5,7,9,11],"texture":"#0"},"west":{"uv":[6.5,7,9,11],"texture":"#0"},"up":{"uv":[6.5,7,9,7.5],"texture":"#0"},"down":{"uv":[6.5,10.5,9,11],"texture":"#0"}}},{"from":[11,2,8],"to":[13,10,13],"faces":{"north":{"uv":[6.5,7,7,11],"texture":"#0"},"east":{"uv":[9,7,6.5,11],"texture":"#0"},"south":{"uv":[8.5,7,9,11],"texture":"#0"},"west":{"uv":[6.5,7,9,11],"texture":"#0"},"up":{"uv":[6.5,7,9,7.5],"texture":"#0"},"down":{"uv":[6.5,10.5,9,11],"texture":"#0"}}},{"from":[2.35,7.4,6],"to":[3.35,17.4,7],"rotation":{"angle":22.5,"axis":"z","origin":[4.5,11.5,6]},"faces":{"north":{"uv":[0.5,7,1,12],"texture":"#0"},"east":{"uv":[0.5,7,1,12],"texture":"#0"},"south":{"uv":[0.5,7,1,12],"texture":"#0"},"west":{"uv":[0.5,7,1,12],"texture":"#0"},"up":{"uv":[0.5,7,1,7.5],"texture":"#0"},"down":{"uv":[0.5,11.5,1,12],"texture":"#0"}}},{"from":[-6.65,11.4,6.5],"to":[2.35,17.4,6.5],"rotation":{"angle":22.5,"axis":"z","origin":[4.5,11.5,6]},"faces":{"north":{"uv":[1,7,5.5,10],"texture":"#0"},"east":{"uv":[1,7,5.5,10],"texture":"#0"},"south":{"uv":[5.5,7,1,10],"texture":"#0"},"west":{"uv":[1,7,5.5,10],"texture":"#0"},"up":{"uv":[1,7,5.5,10],"texture":"#0"},"down":{"uv":[1,7,5.5,10],"texture":"#0"}}},{"from":[13.15,14.05,6.5],"to":[22.15,20.05,6.5],"rotation":{"angle":-22.5,"axis":"z","origin":[4.5,11.5,6]},"faces":{"north":{"uv":[5.5,7,1,10],"texture":"#0"},"east":{"uv":[1,7,5.5,10],"texture":"#0"},"south":{"uv":[1,7,5.5,10],"texture":"#0"},"west":{"uv":[1,7,5.5,10],"texture":"#0"},"up":{"uv":[1,7,5.5,10],"rotation":180,"texture":"#0"},"down":{"uv":[1,7,5.5,10],"rotation":180,"texture":"#0"}}},{"from":[12.15,10.05,6],"to":[13.15,20.05,7],"rotation":{"angle":-22.5,"axis":"z","origin":[4.5,11.5,6]},"faces":{"north":{"uv":[0.5,7,1,12],"texture":"#0"},"east":{"uv":[0.5,7,1,12],"texture":"#0"},"south":{"uv":[0.5,7,1,12],"texture":"#0"},"west":{"uv":[0.5,7,1,12],"texture":"#0"},"up":{"uv":[0.5,7,1,7.5],"rotation":180,"texture":"#0"},"down":{"uv":[0.5,11.5,1,12],"rotation":180,"texture":"#0"}}}]}