{"display":{"thirdperson_righthand":{"rotation":[22,0,0],"translation":[0,0,0.5],"scale":[0.5,0.5,0.5]},"thirdperson_lefthand":{"rotation":[22,0,0],"translation":[0,0,0.5],"scale":[0.5,0.5,0.5]},"firstperson_righthand":{"translation":[2.5,1.75,0],"scale":[0.5,0.5,0.5]},"firstperson_lefthand":{"translation":[2.5,1.75,0],"scale":[0.5,0.5,0.5]},"ground":{"scale":[0,0,0]},"gui":{"rotation":[-20,-37,-59],"translation":[-1.5,-1.75,0],"scale":[0.5,0.5,0.5]}},"ambientocclusion":false,"textures":{"0":"item/item_sparkler","1":"item/item_sparkler_anim","particle":"item/item_sparkler"},"elements":[{"from":[7.5,0,7.5],"to":[8.5,13,8.5],"rotation":{"angle":0,"axis":"y","origin":[9.5,17,7.375]},"faces":{"north":{"uv":[0,0,1,12],"texture":"#0"},"east":{"uv":[0,0,1,12],"texture":"#0"},"south":{"uv":[0,0,1,12],"texture":"#0"},"west":{"uv":[0,0,1,12],"texture":"#0"},"up":{"uv":[0,0,1,1],"texture":"#0"},"down":{"uv":[0,11,1,12],"texture":"#0"}}},{"from":[-0.5,9,8],"to":[15.5,25,8],"shade":false,"rotation":{"angle":45,"axis":"y","origin":[8,17,8]},"faces":{"north":{"uv":[0,0,16,16],"texture":"#1"},"east":{"uv":[13.875,4.625,14,6.25],"texture":"#0"},"south":{"uv":[16,0,0,16],"texture":"#1"},"west":{"uv":[13.875,4.625,14,6.25],"texture":"#0"},"up":{"uv":[13.875,4.625,14,4.75],"texture":"#0"},"down":{"uv":[13.875,6.125,14,6.25],"texture":"#0"}}},{"from":[8,9,0.5],"to":[8,25,16.5],"shade":false,"rotation":{"angle":45,"axis":"y","origin":[8,17,8]},"faces":{"north":{"uv":[13.875,4.625,14,6.25],"texture":"#0"},"east":{"uv":[16,0,0,16],"texture":"#1"},"south":{"uv":[13.875,4.625,14,6.25],"texture":"#0"},"west":{"uv":[0,0,16,16],"texture":"#1"},"up":{"uv":[13.875,4.625,14,4.75],"rotation":270,"texture":"#0"},"down":{"uv":[13.875,6.125,14,6.25],"rotation":90,"texture":"#0"}}}],"gui_light":"front"}