{"display":{"thirdperson_righthand":{"translation":[0,4.5,0.25],"scale":[0.75,0.75,0.75]},"thirdperson_lefthand":{"translation":[0,4.5,0.25],"scale":[0.75,0.75,0.75]},"firstperson_righthand":{"translation":[2.25,3.75,0],"scale":[0.75,0.75,0.75]},"firstperson_lefthand":{"translation":[2.25,3.75,0],"scale":[0.75,0.75,0.75]},"ground":{"scale":[0,0,0]},"gui":{"rotation":[32,21,-47],"translation":[0.75,0,0],"scale":[0.6,0.6,0.6]}},"texture_size":[32,32],"textures":{"0":"item/item_bouqet","particle":"item/item_bouqet"},"elements":[{"from":[8,-6.75,5.5],"to":[8,5.25,10.5],"rotation":{"angle":0,"axis":"y","origin":[8,5.375,8]},"faces":{"north":{"uv":[2,6.125,2.5,6.375],"texture":"#missing"},"east":{"uv":[6.5,2.5,9,8.5],"texture":"#0"},"south":{"uv":[2,6.125,2.5,6.375],"texture":"#missing"},"west":{"uv":[6.5,2.5,9,8.5],"texture":"#0"},"up":{"uv":[2.5,4.75,2.375,4.625],"rotation":270,"texture":"#missing"},"down":{"uv":[2.5,4.75,2.375,4.625],"rotation":90,"texture":"#missing"}}},{"from":[5.5,-6.75,8],"to":[10.5,5.25,8],"rotation":{"angle":0,"axis":"y","origin":[8,5.375,8]},"faces":{"north":{"uv":[6.5,2.5,9,8.5],"texture":"#0"},"east":{"uv":[2,6.125,2.5,6.375],"texture":"#missing"},"south":{"uv":[6.5,2.5,9,8.5],"texture":"#0"},"west":{"uv":[2,6.125,2.5,6.375],"texture":"#missing"},"up":{"uv":[2.5,4.75,2.375,4.625],"rotation":180,"texture":"#missing"},"down":{"uv":[2.5,4.75,2.375,4.625],"rotation":180,"texture":"#missing"}}},{"from":[8.5026,4.34207,5.5],"to":[13.5026,4.34207,10.5],"rotation":{"angle":45,"axis":"z","origin":[8,5.375,8]},"faces":{"north":{"uv":[11,5.375,10.625,6.5],"texture":"#missing"},"east":{"uv":[10.625,5.375,11,6.5],"texture":"#missing"},"south":{"uv":[11,5.375,10.625,6.5],"texture":"#missing"},"west":{"uv":[10.625,5.375,11,6.5],"texture":"#missing"},"up":{"uv":[6.5,0,9,2.5],"rotation":180,"texture":"#0"},"down":{"uv":[6.5,0,9,2.5],"texture":"#0"}}},{"from":[2.4974,4.34207,5.5],"to":[7.4974,4.34207,10.5],"rotation":{"angle":-45,"axis":"z","origin":[8,5.375,8]},"faces":{"north":{"uv":[10.625,5.375,11,6.5],"texture":"#missing"},"east":{"uv":[11,5.375,10.625,6.5],"texture":"#missing"},"south":{"uv":[10.625,5.375,11,6.5],"texture":"#missing"},"west":{"uv":[11,5.375,10.625,6.5],"texture":"#missing"},"up":{"uv":[6.5,0,9,2.5],"texture":"#0"},"down":{"uv":[6.5,0,9,2.5],"texture":"#0"}}},{"from":[5.5,4.34207,2.49739],"to":[10.5,4.34207,7.49739],"rotation":{"angle":45,"axis":"x","origin":[8,5.375,8]},"faces":{"north":{"uv":[11,5.375,10.625,6.5],"texture":"#missing"},"east":{"uv":[10.625,5.375,11,6.5],"texture":"#missing"},"south":{"uv":[11,5.375,10.625,6.5],"texture":"#missing"},"west":{"uv":[10.625,5.375,11,6.5],"texture":"#missing"},"up":{"uv":[6.5,0,9,2.5],"rotation":90,"texture":"#0"},"down":{"uv":[6.5,0,9,2.5],"rotation":90,"texture":"#0"}}},{"from":[5.5,4.34207,8.50261],"to":[10.5,4.34207,13.50261],"rotation":{"angle":-45,"axis":"x","origin":[8,5.375,8]},"faces":{"north":{"uv":[10.625,5.375,11,6.5],"texture":"#missing"},"east":{"uv":[11,5.375,10.625,6.5],"texture":"#missing"},"south":{"uv":[10.625,5.375,11,6.5],"texture":"#missing"},"west":{"uv":[11,5.375,10.625,6.5],"texture":"#missing"},"up":{"uv":[6.5,0,9,2.5],"rotation":270,"texture":"#0"},"down":{"uv":[6.5,0,9,2.5],"rotation":270,"texture":"#0"}}},{"from":[8,5,2],"to":[8,18,14],"rotation":{"angle":-22.5,"axis":"y","origin":[8,5.375,8]},"faces":{"north":{"uv":[11,5.375,10.625,6.5],"texture":"#missing"},"east":{"uv":[0,0,6,6],"texture":"#0"},"south":{"uv":[11,5.375,10.625,6.5],"texture":"#missing"},"west":{"uv":[0,0,6,6],"texture":"#0"},"up":{"uv":[10.5,3.625,10.125,4],"texture":"#missing"},"down":{"uv":[10.5,4,10.125,4.375],"texture":"#missing"}}},{"from":[2,5,8],"to":[14,18,8],"rotation":{"angle":-22.5,"axis":"y","origin":[8,5.375,8]},"faces":{"north":{"uv":[0,0,6,6],"texture":"#0"},"east":{"uv":[11,5.375,10.625,6.5],"texture":"#missing"},"south":{"uv":[0,0,6,6],"texture":"#0"},"west":{"uv":[11,5.375,10.625,6.5],"texture":"#missing"},"up":{"uv":[10.5,3.625,10.125,4],"rotation":90,"texture":"#missing"},"down":{"uv":[10.5,4,10.125,4.375],"rotation":270,"texture":"#missing"}}},{"from":[3,11,2],"to":[13,11,14],"rotation":{"angle":-22.5,"axis":"y","origin":[8,5.375,8]},"faces":{"north":{"uv":[11,5.375,10.625,6.5],"texture":"#missing"},"east":{"uv":[4,4.625,2.5,6.25],"texture":"#missing"},"south":{"uv":[11,5.375,10.625,6.5],"texture":"#missing"},"west":{"uv":[2.5,4.625,4,6.25],"texture":"#missing"},"up":{"uv":[0.5,6,5.5,11],"texture":"#0"},"down":{"uv":[0.5,6,5.5,11],"texture":"#0"}}}],"gui_light":"front"}