{"display":{"thirdperson_righthand":{"rotation":[0,90,0],"translation":[0,3.75,0],"scale":[0.75,0.75,0.75]},"thirdperson_lefthand":{"rotation":[0,-90,0],"translation":[0,3.75,0],"scale":[0.75,0.75,0.75]},"firstperson_righthand":{"rotation":[0,-90,0],"translation":[2.5,2.75,0],"scale":[0.75,0.75,0.75]},"firstperson_lefthand":{"rotation":[0,-90,0],"translation":[2.5,2.75,0],"scale":[0.75,0.75,0.75]},"ground":{"scale":[0,0,0]},"gui":{"rotation":[-10,9,-41],"translation":[-1.25,-2.25,0],"scale":[0.5,0.5,0.5]}},"texture_size":[32,32],"textures":{"0":"item/item_katana","particle":"item/item_katana"},"elements":[{"from":[7,-4,7],"to":[9,5,9],"rotation":{"angle":0,"axis":"y","origin":[8,-0.5,8]},"faces":{"north":{"uv":[4.5,3.5,3.5,7.5],"texture":"#0"},"east":{"uv":[4.5,3.5,3.5,7.5],"texture":"#0"},"south":{"uv":[4.5,3.5,3.5,7.5],"texture":"#0"},"west":{"uv":[4.5,3.5,3.5,7.5],"texture":"#0"},"up":{"uv":[4.5,3.5,3.5,7.5],"texture":"#0"},"down":{"uv":[4.5,6.5,3.5,7.5],"texture":"#0"}}},{"from":[7,-4,7],"to":[9,5,9],"rotation":{"angle":0,"axis":"y","origin":[8,-0.5,8]},"faces":{"north":{"uv":[13.875,4.25,14.125,5.375],"texture":"#0","tintindex":0},"east":{"uv":[13.875,4.25,14.125,5.375],"texture":"#0","tintindex":0},"south":{"uv":[13.875,4.25,14.125,5.375],"texture":"#0","tintindex":0},"west":{"uv":[13.875,4.25,14.125,5.375],"texture":"#0","tintindex":0},"up":{"uv":[13.375,4.75,13.625,5],"texture":"#0"},"down":{"uv":[13.375,4.75,13.625,5],"texture":"#0"}}},{"from":[4,5,6],"to":[12,5,10],"rotation":{"angle":0,"axis":"y","origin":[8,-0.5,8]},"faces":{"north":{"uv":[11.625,4.5,11.875,6.875],"texture":"#0"},"east":{"uv":[11.875,4.5,11.625,6.875],"texture":"#0"},"south":{"uv":[11.625,4.5,11.875,6.875],"texture":"#0"},"west":{"uv":[11.875,4.5,11.625,6.875],"texture":"#0"},"up":{"uv":[6,1,2,3],"texture":"#0"},"down":{"uv":[6,1,2,3],"texture":"#0"}}},{"from":[6.5,5,8],"to":[9.5,31,8],"rotation":{"angle":0,"axis":"y","origin":[8,-0.5,8]},"faces":{"north":{"uv":[1.5,0,0,13],"texture":"#0"},"east":{"uv":[11.625,4.5,11.875,6.875],"texture":"#0"},"south":{"uv":[0,0,1.5,13],"texture":"#0"},"west":{"uv":[11.625,4.5,11.875,6.875],"texture":"#0"},"up":{"uv":[8.125,2,7.875,2.25],"texture":"#0"},"down":{"uv":[8.125,2,7.875,2.25],"texture":"#0"}}}],"gui_light":"front"}