{"parent":"item/generated","textures":{"layer0":"item/paper"},"overrides":[{"predicate":{"custom_model_data":1},"model":"block/frog_stone"},{"predicate":{"custom_model_data":2},"model":"block/wall_scroll"},{"predicate":{"custom_model_data":3},"model":"block/lantern_stone"},{"predicate":{"custom_model_data":4},"model":"block/lantern_crown"},{"predicate":{"custom_model_data":5},"model":"block/lantern_white"},{"predicate":{"custom_model_data":6},"model":"block/lantern_red"},{"predicate":{"custom_model_data":7},"model":"block/bench"},{"predicate":{"custom_model_data":8},"model":"block/stool"},{"predicate":{"custom_model_data":9},"model":"block/table"},{"predicate":{"custom_model_data":10},"model":"block/sign_mcc"},{"predicate":{"custom_model_data":11},"model":"block/sign_hard"},{"predicate":{"custom_model_data":12},"model":"block/sign_medium"},{"predicate":{"custom_model_data":13},"model":"block/sign_easy"},{"predicate":{"custom_model_data":14},"model":"block/sign_bonus"},{"predicate":{"custom_model_data":15},"model":"block/jumppad"},{"predicate":{"custom_model_data":16},"model":"block/parkour_warrior"},{"predicate":{"custom_model_data":17},"model":"block/tiki_torch"},{"predicate":{"custom_model_data":18},"model":"block/bin"},{"predicate":{"custom_model_data":19},"model":"block/techno_memorial"},{"predicate":{"custom_model_data":20},"model":"gui/icons/value_increase"},{"predicate":{"custom_model_data":21},"model":"gui/icons/value_decrease"},{"predicate":{"custom_model_data":22},"model":"gui/icons/value_reset"},{"predicate":{"custom_model_data":28},"model":"block/bar_menu"},{"predicate":{"custom_model_data":29},"model":"block/bar_drinks"},{"predicate":{"custom_model_data":30},"model":"gui/icons/button_play"},{"predicate":{"custom_model_data":31},"model":"gui/icons/button_quit"},{"predicate":{"custom_model_data":32},"model":"gui/icons/button_quit_disabled"},{"predicate":{"custom_model_data":33},"model":"gui/icons/button_run"},{"predicate":{"custom_model_data":34},"model":"gui/icons/button_run_disabled"},{"predicate":{"custom_model_data":35},"model":"gui/icons/button_casual"},{"predicate":{"custom_model_data":40},"model":"gui/icons/button_toggle_off"},{"predicate":{"custom_model_data":41},"model":"gui/icons/button_toggle_on"},{"predicate":{"custom_model_data":50},"model":"gui/icons/icon_hats"},{"predicate":{"custom_model_data":51},"model":"gui/icons/icon_holds"},{"predicate":{"custom_model_data":52},"model":"gui/icons/icon_auras"},{"predicate":{"custom_model_data":53},"model":"gui/icons/icon_trails"},{"predicate":{"custom_model_data":60},"model":"gui/icons/preference_night_vision"},{"predicate":{"custom_model_data":61},"model":"gui/icons/preference_bossbar"},{"predicate":{"custom_model_data":62},"model":"gui/icons/preference_soundtrack"},{"predicate":{"custom_model_data":63},"model":"gui/icons/preference_award_display"},{"predicate":{"custom_model_data":64},"model":"gui/icons/preference_cpm"},{"predicate":{"custom_model_data":70},"model":"gui/icons/clock"},{"predicate":{"custom_model_data":71},"model":"gui/icons/clock_overtime"},{"predicate":{"custom_model_data":98},"model":"gui/icons/squishy_star"},{"predicate":{"custom_model_data":99},"model":"null"},{"predicate":{"custom_model_data":100},"model":"gui/icons/barrier"},{"predicate":{"custom_model_data":101},"model":"gui/icons/tab_play_active"},{"predicate":{"custom_model_data":102},"model":"gui/icons/tab_wear_active"},{"predicate":{"custom_model_data":103},"model":"gui/icons/tab_particle_active"},{"predicate":{"custom_model_data":104},"model":"gui/icons/tab_challenges_active"},{"predicate":{"custom_model_data":105},"model":"gui/icons/tab_preferences_active"},{"predicate":{"custom_model_data":106},"model":"gui/icons/tab_settings_active"},{"predicate":{"custom_model_data":110},"model":"gui/icons/section_restart_1"},{"predicate":{"custom_model_data":111},"model":"gui/icons/section_restart_2"},{"predicate":{"custom_model_data":112},"model":"gui/icons/section_restart_3"},{"predicate":{"custom_model_data":113},"model":"gui/icons/section_restart_4"},{"predicate":{"custom_model_data":120},"model":"gui/icons/course_restart_1"},{"predicate":{"custom_model_data":121},"model":"gui/icons/course_restart_2"},{"predicate":{"custom_model_data":122},"model":"gui/icons/course_restart_3"},{"predicate":{"custom_model_data":123},"model":"gui/icons/course_restart_4"},{"predicate":{"custom_model_data":130},"model":"gui/icons/section_skip_1"},{"predicate":{"custom_model_data":131},"model":"gui/icons/section_skip_2"},{"predicate":{"custom_model_data":132},"model":"gui/icons/section_skip_3"},{"predicate":{"custom_model_data":133},"model":"gui/icons/section_skip_4"},{"predicate":{"custom_model_data":140},"model":"gui/icons/team_red"},{"predicate":{"custom_model_data":141},"model":"gui/icons/team_orange"},{"predicate":{"custom_model_data":142},"model":"gui/icons/team_yellow"},{"predicate":{"custom_model_data":143},"model":"gui/icons/team_lime"},{"predicate":{"custom_model_data":144},"model":"gui/icons/team_green"},{"predicate":{"custom_model_data":145},"model":"gui/icons/team_cyan"},{"predicate":{"custom_model_data":146},"model":"gui/icons/team_aqua"},{"predicate":{"custom_model_data":147},"model":"gui/icons/team_blue"},{"predicate":{"custom_model_data":148},"model":"gui/icons/team_purple"},{"predicate":{"custom_model_data":149},"model":"gui/icons/team_pink"},{"predicate":{"custom_model_data":150},"model":"gui/icons/team_spect"},{"predicate":{"custom_model_data":159},"model":"gui/icons/aura_valentine_outline"},{"predicate":{"custom_model_data":160},"model":"gui/icons/aura_winter"},{"predicate":{"custom_model_data":161},"model":"gui/icons/aura_valentine"},{"predicate":{"custom_model_data":162},"model":"gui/icons/aura_spring"},{"predicate":{"custom_model_data":163},"model":"gui/icons/aura_pride"},{"predicate":{"custom_model_data":164},"model":"gui/icons/aura_summer"},{"predicate":{"custom_model_data":165},"model":"gui/icons/aura_halloween"},{"predicate":{"custom_model_data":166},"model":"gui/icons/aura_warrior"},{"predicate":{"custom_model_data":170},"model":"gui/icons/trail_winter"},{"predicate":{"custom_model_data":171},"model":"gui/icons/trail_valentine"},{"predicate":{"custom_model_data":172},"model":"gui/icons/trail_spring"},{"predicate":{"custom_model_data":173},"model":"gui/icons/trail_pride"},{"predicate":{"custom_model_data":174},"model":"gui/icons/trail_summer"},{"predicate":{"custom_model_data":175},"model":"gui/icons/trail_halloween"},{"predicate":{"custom_model_data":176},"model":"gui/icons/trail_warrior"},{"predicate":{"custom_model_data":180},"model":"item/hat_antlers"},{"predicate":{"custom_model_data":181},"model":"item/hat_elegant"},{"predicate":{"custom_model_data":182},"model":"item/hat_flowers"},{"predicate":{"custom_model_data":183},"model":"item/hat_rainbow"},{"predicate":{"custom_model_data":184},"model":"item/hat_straw"},{"predicate":{"custom_model_data":185},"model":"item/hat_witch"},{"predicate":{"custom_model_data":186},"model":"item/hat_samurai"},{"predicate":{"custom_model_data":190},"model":"item/item_sparkler"},{"predicate":{"custom_model_data":191},"model":"item/item_umbrella"},{"predicate":{"custom_model_data":192},"model":"item/item_bouqet"},{"predicate":{"custom_model_data":193},"model":"item/item_backpack"},{"predicate":{"custom_model_data":194},"model":"item/item_popsicle"},{"predicate":{"custom_model_data":195},"model":"item/item_broom"},{"predicate":{"custom_model_data":196},"model":"item/item_katana"},{"predicate":{"custom_model_data":200},"model":"gui/icons/challange_winter"},{"predicate":{"custom_model_data":201},"model":"gui/icons/challange_valentine"},{"predicate":{"custom_model_data":202},"model":"gui/icons/challange_spring"},{"predicate":{"custom_model_data":203},"model":"gui/icons/challange_pride"},{"predicate":{"custom_model_data":204},"model":"gui/icons/challange_summer"},{"predicate":{"custom_model_data":205},"model":"gui/icons/challange_halloween"},{"predicate":{"custom_model_data":206},"model":"gui/icons/challange_warrior"},{"predicate":{"custom_model_data":207},"model":"gui/icons/leaderboard_fastest_completion"},{"predicate":{"custom_model_data":208},"model":"gui/icons/leaderboard_best_cpm"},{"predicate":{"custom_model_data":209},"model":"gui/icons/leaderboard_most_coins"},{"predicate":{"custom_model_data":210},"model":"gui/icons/setting_synchronisation"},{"predicate":{"custom_model_data":211},"model":"gui/icons/setting_invisible"},{"predicate":{"custom_model_data":212},"model":"gui/icons/setting_fall_trigger"}]}