{"credit":"@LunaAF","elements":[{"from":[0,0,8],"to":[16,16,8],"faces":{"north":{"uv":[0,0,16,16],"texture":"#texture"},"east":{"uv":[0,0,0,0],"texture":"#texture"},"south":{"uv":[0,0,16,16],"texture":"#texture"},"west":{"uv":[0,0,0,0],"texture":"#texture"},"up":{"uv":[0,0,0,0],"texture":"#texture"},"down":{"uv":[0,0,0,0],"texture":"#texture"}}}],"gui_light":"front","display":{"thirdperson_righthand":{"scale":[0,0,0]},"thirdperson_lefthand":{"scale":[0,0,0]},"firstperson_righthand":{"translation":[1.75,3.25,0],"scale":[0.33,0.33,0.33]},"ground":{"scale":[0,0,0]}}}