{"credit":"Made with Blockbench","texture_size":[64,64],"elements":[{"from":[-16,-16,0],"to":[32,32,0],"faces":{"north":{"uv":[2.5,0,16,13.5],"texture":"#texture"},"east":{"uv":[0,0,0,0],"texture":"#missing"},"south":{"uv":[2.5,0,16,13.5],"texture":"#texture"},"west":{"uv":[0,0,0,0],"texture":"#missing"},"up":{"uv":[0,0,0,0],"texture":"#missing"},"down":{"uv":[0,0,0,0],"texture":"#missing"}}}],"gui_light":"front","display":{"thirdperson_righthand":{"scale":[0,0,0]},"firstperson_lefthand":{"scale":[0.0001,0.0001,0.0001]},"gui":{"translation":[0,-18,0],"scale":[1.12,1.12,1]}}}