{"elements":[{"from":[0,0,0],"to":[3,16,2],"faces":{"north":{"uv":[3,0,0,16],"texture":"#1"},"east":{"uv":[14,0,16,16],"texture":"#0"},"south":{"uv":[6,0,3,16],"texture":"#1"},"west":{"uv":[0,0,2,16],"texture":"#0"},"up":{"uv":[0,0,3,2],"texture":"#1"}}},{"from":[0,0,14],"to":[3,16,16],"faces":{"north":{"uv":[6,0,3,16],"texture":"#1"},"east":{"uv":[0,0,2,16],"texture":"#0"},"south":{"uv":[3,0,0,16],"texture":"#1"},"west":{"uv":[14,0,16,16],"texture":"#0"},"up":{"uv":[0,0,3,2],"texture":"#1"}}},{"from":[0,15,2],"to":[3,16,14],"faces":{"east":{"uv":[2,15,14,16],"texture":"#0"},"west":{"uv":[2,15,14,16],"texture":"#0"},"up":{"uv":[0,0,3,16],"texture":"#1"},"down":{"uv":[6,0,3,16],"texture":"#1"}}},{"from":[1,0,2],"to":[2,15,14],"faces":{"east":{"uv":[2,1,14,16],"texture":"#0"},"west":{"uv":[2,1,14,16],"texture":"#0"}}}],"ambientocclusion":false,"textures":{"0":"block/acacia_door_top","1":"block/acacia_door_extra","particle":"block/acacia_door_top"}}