{"elements":[{"from":[0,0,0],"to":[3,16,2],"faces":{"north":{"uv":[3,0,0,16],"texture":"#1"},"east":{"uv":[14,0,16,16],"texture":"#0"},"south":{"uv":[6,0,3,16],"texture":"#1"},"west":{"uv":[0,0,2,16],"texture":"#0"},"down":{"uv":[0,0,3,16],"texture":"#1","cullface":"down"}}},{"from":[0,0,14],"to":[3,16,16],"faces":{"north":{"uv":[6,0,3,16],"texture":"#1"},"east":{"uv":[0,0,2,16],"texture":"#0"},"south":{"uv":[3,0,0,16],"texture":"#1"},"west":{"uv":[14,0,16,16],"texture":"#0"},"down":{"uv":[0,0,3,16],"texture":"#1","cullface":"down"}}},{"from":[0,0,2],"to":[3,1,14],"faces":{"north":{"uv":[0,0,3,16],"texture":"#1","cullface":"west"},"east":{"uv":[2,15,14,16],"texture":"#0"},"south":{"uv":[0,0,3,16],"texture":"#1","cullface":"west"},"west":{"uv":[2,15,14,16],"texture":"#0"},"up":{"uv":[9,1,6,15],"texture":"#1"},"down":{"uv":[0,0,3,16],"texture":"#1","cullface":"west"}}},{"from":[1,1,2],"to":[2,16,14],"faces":{"east":{"uv":[2,0,14,15],"texture":"#0"},"west":{"uv":[2,0,14,15],"texture":"#0"}}}],"ambientocclusion":false,"textures":{"0":"block/acacia_door_top","1":"block/acacia_door_extra","particle":"block/acacia_door_top"}}