{"display":{"fixed":{"translation":[0,0,-16],"scale":[2,2,2]}},"texture_size":[256,256],"textures":{"0":"block/bar","particle":"block/bar"},"elements":[{"from":[5.24,8.28,8.92],"to":[8,12.88,11.68],"rotation":{"angle":0,"axis":"y","origin":[0.64,0,0.64]},"faces":{"north":{"uv":[2.9375,15.4375,3.125,15.75],"texture":"#0"},"east":{"uv":[3.125,15.4375,2.9375,15.75],"texture":"#0"},"south":{"uv":[2.9375,15.4375,3.125,15.75],"texture":"#0"},"west":{"uv":[3.125,15.4375,2.9375,15.75],"texture":"#0"},"up":{"uv":[3,15.4375,3.0625,15.5],"texture":"#0"},"down":{"uv":[0,0,0.1875,0.1875],"texture":"#missing"}}},{"from":[20.88,8.28,8.92],"to":[23.64,12.88,11.68],"rotation":{"angle":0,"axis":"y","origin":[0.64,0,0.64]},"faces":{"north":{"uv":[2.9375,15.4375,3.125,15.75],"texture":"#0"},"east":{"uv":[3.125,15.4375,2.9375,15.75],"texture":"#0"},"south":{"uv":[2.9375,15.4375,3.125,15.75],"texture":"#0"},"west":{"uv":[3.125,15.4375,2.9375,15.75],"texture":"#0"},"up":{"uv":[3,15.4375,3.0625,15.5],"texture":"#0"},"down":{"uv":[0,0,0.1875,0.1875],"texture":"#missing"}}},{"from":[-4.88,25.17,8.92],"to":[-2.12,29.77,11.68],"rotation":{"angle":0,"axis":"y","origin":[0.64,1.25,0.64]},"faces":{"north":{"uv":[2.9375,15.4375,3.125,15.75],"texture":"#0"},"east":{"uv":[3.125,15.4375,2.9375,15.75],"texture":"#0"},"south":{"uv":[2.9375,15.4375,3.125,15.75],"texture":"#0"},"west":{"uv":[3.125,15.4375,2.9375,15.75],"texture":"#0"},"up":{"uv":[3,15.4375,3.0625,15.5],"texture":"#0"},"down":{"uv":[0,0,0.1875,0.1875],"texture":"#missing"}}},{"from":[24.56,25.17,8.92],"to":[27.32,29.77,11.68],"rotation":{"angle":0,"axis":"y","origin":[0.64,1.25,0.64]},"faces":{"north":{"uv":[2.9375,15.4375,3.125,15.75],"texture":"#0"},"east":{"uv":[3.125,15.4375,2.9375,15.75],"texture":"#0"},"south":{"uv":[2.9375,15.4375,3.125,15.75],"texture":"#0"},"west":{"uv":[3.125,15.4375,2.9375,15.75],"texture":"#0"},"up":{"uv":[3,15.4375,3.0625,15.5],"texture":"#0"},"down":{"uv":[0,0,0.1875,0.1875],"texture":"#missing"}}},{"from":[18.12,25.17,10.76],"to":[20.88,29.77,13.52],"rotation":{"angle":0,"axis":"y","origin":[0.64,1.25,0.64]},"faces":{"north":{"uv":[2.9375,15.4375,3.125,15.75],"texture":"#0"},"east":{"uv":[3.125,15.4375,2.9375,15.75],"texture":"#0"},"south":{"uv":[2.9375,15.4375,3.125,15.75],"texture":"#0"},"west":{"uv":[3.125,15.4375,2.9375,15.75],"texture":"#0"},"up":{"uv":[3,15.4375,3.0625,15.5],"texture":"#0"},"down":{"uv":[0,0,0.1875,0.1875],"texture":"#missing"}}},{"from":[18.12,8.28,3.4],"to":[20.88,12.88,6.16],"rotation":{"angle":0,"axis":"y","origin":[0.64,0,0.64]},"faces":{"north":{"uv":[3.5625,15.4375,3.75,15.75],"texture":"#0"},"east":{"uv":[3.75,15.4375,3.5625,15.75],"texture":"#0"},"south":{"uv":[3.5625,15.4375,3.75,15.75],"texture":"#0"},"west":{"uv":[3.75,15.4375,3.5625,15.75],"texture":"#0"},"up":{"uv":[3.5625,15.4375,3.625,15.5],"texture":"#0"},"down":{"uv":[0,0,0.1875,0.1875],"texture":"#missing"}}},{"from":[-7.64,25.17,3.4],"to":[-4.88,29.77,6.16],"rotation":{"angle":0,"axis":"y","origin":[0.64,1.25,0.64]},"faces":{"north":{"uv":[3.5625,15.4375,3.75,15.75],"texture":"#0"},"east":{"uv":[3.75,15.4375,3.5625,15.75],"texture":"#0"},"south":{"uv":[3.5625,15.4375,3.75,15.75],"texture":"#0"},"west":{"uv":[3.75,15.4375,3.5625,15.75],"texture":"#0"},"up":{"uv":[3.5625,15.4375,3.625,15.5],"texture":"#0"},"down":{"uv":[0,0,0.1875,0.1875],"texture":"#missing"}}},{"from":[8.92,25.17,3.4],"to":[11.68,29.77,6.16],"rotation":{"angle":0,"axis":"y","origin":[0.64,1.25,0.64]},"faces":{"north":{"uv":[3.5625,15.4375,3.75,15.75],"texture":"#0"},"east":{"uv":[3.75,15.4375,3.5625,15.75],"texture":"#0"},"south":{"uv":[3.5625,15.4375,3.75,15.75],"texture":"#0"},"west":{"uv":[3.75,15.4375,3.5625,15.75],"texture":"#0"},"up":{"uv":[3.5625,15.4375,3.625,15.5],"texture":"#0"},"down":{"uv":[0,0,0.1875,0.1875],"texture":"#missing"}}},{"from":[5.24,25.17,9.84],"to":[8,29.77,12.6],"rotation":{"angle":0,"axis":"y","origin":[0.64,1.25,0.64]},"faces":{"north":{"uv":[3.5625,15.4375,3.75,15.75],"texture":"#0"},"east":{"uv":[3.75,15.4375,3.5625,15.75],"texture":"#0"},"south":{"uv":[3.5625,15.4375,3.75,15.75],"texture":"#0"},"west":{"uv":[3.75,15.4375,3.5625,15.75],"texture":"#0"},"up":{"uv":[3.5625,15.4375,3.625,15.5],"texture":"#0"},"down":{"uv":[0,0,0.1875,0.1875],"texture":"#missing"}}},{"from":[-3.96,8.28,9.84],"to":[-1.2,12.88,12.6],"rotation":{"angle":0,"axis":"y","origin":[0.64,0,0.64]},"faces":{"north":{"uv":[3.5625,15.4375,3.75,15.75],"texture":"#0"},"east":{"uv":[3.75,15.4375,3.5625,15.75],"texture":"#0"},"south":{"uv":[3.5625,15.4375,3.75,15.75],"texture":"#0"},"west":{"uv":[3.75,15.4375,3.5625,15.75],"texture":"#0"},"up":{"uv":[3.5625,15.4375,3.625,15.5],"texture":"#0"},"down":{"uv":[0,0,0.1875,0.1875],"texture":"#missing"}}},{"from":[-6.72,8.28,4.32],"to":[-3.96,12.88,7.08],"rotation":{"angle":0,"axis":"y","origin":[0.64,0,0.64]},"faces":{"north":{"uv":[3.5625,15.4375,3.75,15.75],"texture":"#0"},"east":{"uv":[3.75,15.4375,3.5625,15.75],"texture":"#0"},"south":{"uv":[3.5625,15.4375,3.75,15.75],"texture":"#0"},"west":{"uv":[3.75,15.4375,3.5625,15.75],"texture":"#0"},"up":{"uv":[3.5625,15.4375,3.625,15.5],"texture":"#0"},"down":{"uv":[0,0,0.1875,0.1875],"texture":"#missing"}}},{"from":[10.76,8.28,4.32],"to":[13.52,12.88,7.08],"rotation":{"angle":0,"axis":"y","origin":[0.64,0,0.64]},"faces":{"north":{"uv":[2.0625,15.4375,2.25,15.75],"texture":"#0"},"east":{"uv":[2.25,15.4375,2.0625,15.75],"texture":"#0"},"south":{"uv":[2.0625,15.4375,2.25,15.75],"texture":"#0"},"west":{"uv":[2.25,15.4375,2.0625,15.75],"texture":"#0"},"up":{"uv":[2.0625,15.4375,2.125,15.5],"texture":"#0"},"down":{"uv":[0,0,0.1875,0.1875],"texture":"#missing"}}},{"from":[26.4,8.28,4.32],"to":[29.16,12.88,7.08],"rotation":{"angle":0,"axis":"y","origin":[0.64,0,0.64]},"faces":{"north":{"uv":[2.0625,15.4375,2.25,15.75],"texture":"#0"},"east":{"uv":[2.25,15.4375,2.0625,15.75],"texture":"#0"},"south":{"uv":[2.0625,15.4375,2.25,15.75],"texture":"#0"},"west":{"uv":[2.25,15.4375,2.0625,15.75],"texture":"#0"},"up":{"uv":[2.0625,15.4375,2.125,15.5],"texture":"#0"},"down":{"uv":[0,0,0.1875,0.1875],"texture":"#missing"}}},{"from":[0.64,25.17,4.32],"to":[3.4,29.77,7.08],"rotation":{"angle":0,"axis":"y","origin":[0.64,1.25,0.64]},"faces":{"north":{"uv":[2.0625,15.4375,2.25,15.75],"texture":"#0"},"east":{"uv":[2.25,15.4375,2.0625,15.75],"texture":"#0"},"south":{"uv":[2.0625,15.4375,2.25,15.75],"texture":"#0"},"west":{"uv":[2.25,15.4375,2.0625,15.75],"texture":"#0"},"up":{"uv":[2.0625,15.4375,2.125,15.5],"texture":"#0"},"down":{"uv":[0,0,0.1875,0.1875],"texture":"#missing"}}},{"from":[11.68,25.17,9.84],"to":[14.44,29.77,12.6],"rotation":{"angle":0,"axis":"y","origin":[0.64,1.25,0.64]},"faces":{"north":{"uv":[2.0625,15.4375,2.25,15.75],"texture":"#0"},"east":{"uv":[2.25,15.4375,2.0625,15.75],"texture":"#0"},"south":{"uv":[2.0625,15.4375,2.25,15.75],"texture":"#0"},"west":{"uv":[2.25,15.4375,2.0625,15.75],"texture":"#0"},"up":{"uv":[2.0625,15.4375,2.125,15.5],"texture":"#0"},"down":{"uv":[0,0,0.1875,0.1875],"texture":"#missing"}}},{"from":[-12.24,25.17,8.92],"to":[-9.48,29.77,11.68],"rotation":{"angle":0,"axis":"y","origin":[0.64,1.25,0.64]},"faces":{"north":{"uv":[2.0625,15.4375,2.25,15.75],"texture":"#0"},"east":{"uv":[2.25,15.4375,2.0625,15.75],"texture":"#0"},"south":{"uv":[2.0625,15.4375,2.25,15.75],"texture":"#0"},"west":{"uv":[2.25,15.4375,2.0625,15.75],"texture":"#0"},"up":{"uv":[2.0625,15.4375,2.125,15.5],"texture":"#0"},"down":{"uv":[0,0,0.1875,0.1875],"texture":"#missing"}}},{"from":[0.64,0,1.56],"to":[6.16,8.28,7.08],"rotation":{"angle":0,"axis":"y","origin":[0.64,0,0.64]},"faces":{"north":{"uv":[2.25,15.4375,2.625,16],"texture":"#0"},"east":{"uv":[2.25,15.4375,2.3125,16],"texture":"#0"},"south":{"uv":[2.25,15.4375,2.3125,16],"texture":"#0"},"west":{"uv":[2.25,15.4375,2.3125,16],"texture":"#0"},"up":{"uv":[2.25,15.0625,2.625,15.4375],"texture":"#0"},"down":{"uv":[2.375,15.9375,2.4375,16],"texture":"#0"}}},{"from":[22.72,16.89,2.48],"to":[28.24,25.17,8],"rotation":{"angle":-22.5,"axis":"y","origin":[25.48,21.03,4.32]},"faces":{"north":{"uv":[2.25,15.4375,2.625,16],"texture":"#0"},"east":{"uv":[2.25,15.4375,2.3125,16],"texture":"#0"},"south":{"uv":[2.25,15.4375,2.3125,16],"texture":"#0"},"west":{"uv":[2.25,15.4375,2.3125,16],"texture":"#0"},"up":{"uv":[2.25,15.0625,2.625,15.4375],"texture":"#0"},"down":{"uv":[2.375,15.9375,2.4375,16],"texture":"#0"}}},{"from":[-12.24,0,8.92],"to":[-6.72,8.28,14.44],"rotation":{"angle":0,"axis":"y","origin":[0.64,0,0.64]},"faces":{"north":{"uv":[3.75,15.4375,4.125,16],"texture":"#0"},"east":{"uv":[3.75,15.4375,3.8125,16],"texture":"#0"},"south":{"uv":[3.75,15.4375,3.8125,16],"texture":"#0"},"west":{"uv":[3.75,15.4375,3.8125,16],"texture":"#0"},"up":{"uv":[2.25,15.0625,2.625,15.4375],"texture":"#0"},"down":{"uv":[3.75,15.9375,3.8125,16],"texture":"#0"}}},{"from":[12.6,0,8.92],"to":[18.12,8.28,14.44],"rotation":{"angle":0,"axis":"y","origin":[0.64,0,0.64]},"faces":{"north":{"uv":[3.75,15.4375,4.125,16],"texture":"#0"},"east":{"uv":[3.75,15.4375,3.8125,16],"texture":"#0"},"south":{"uv":[3.75,15.4375,3.8125,16],"texture":"#0"},"west":{"uv":[3.75,15.4375,3.8125,16],"texture":"#0"},"up":{"uv":[2.25,15.0625,2.625,15.4375],"texture":"#0"},"down":{"uv":[3.75,15.9375,3.8125,16],"texture":"#0"}}},{"from":[15.36,16.89,3.4],"to":[20.88,25.17,8.92],"rotation":{"angle":0,"axis":"y","origin":[0.64,1.25,0.64]},"faces":{"north":{"uv":[3.75,15.4375,4.125,16],"texture":"#0"},"east":{"uv":[3.75,15.4375,3.8125,16],"texture":"#0"},"south":{"uv":[3.75,15.4375,3.8125,16],"texture":"#0"},"west":{"uv":[3.75,15.4375,3.8125,16],"texture":"#0"},"up":{"uv":[2.25,15.0625,2.625,15.4375],"texture":"#0"},"down":{"uv":[3.75,15.9375,3.8125,16],"texture":"#0"}}},{"from":[-14.08,0,2.48],"to":[-8.56,8.28,8],"rotation":{"angle":0,"axis":"y","origin":[0.64,0,0.64]},"faces":{"north":{"uv":[2.25,15.4375,2.625,16],"texture":"#0"},"east":{"uv":[2.25,15.4375,2.3125,16],"texture":"#0"},"south":{"uv":[2.25,15.4375,2.3125,16],"texture":"#0"},"west":{"uv":[2.25,15.4375,2.3125,16],"texture":"#0"},"up":{"uv":[2.25,15.0625,2.625,15.4375],"texture":"#0"},"down":{"uv":[2.375,15.9375,2.4375,16],"texture":"#0"}}},{"from":[4.32,0,8],"to":[8.92,8.28,12.6],"rotation":{"angle":0,"axis":"y","origin":[0.64,0,0.64]},"faces":{"north":{"uv":[2.625,15.4375,2.9375,16],"texture":"#0"},"east":{"uv":[2.625,15.4375,2.9375,16],"texture":"#0"},"south":{"uv":[2.625,15.4375,2.9375,16],"texture":"#0"},"west":{"uv":[2.625,15.4375,2.9375,16],"texture":"#0"},"up":{"uv":[2.625,15.4375,2.6875,15.5],"texture":"#0"},"down":{"uv":[2.875,15.6875,2.9375,15.75],"texture":"#0"}}},{"from":[19.96,0,8],"to":[24.56,8.28,12.6],"rotation":{"angle":0,"axis":"y","origin":[0.64,0,0.64]},"faces":{"north":{"uv":[2.625,15.4375,2.9375,16],"texture":"#0"},"east":{"uv":[2.625,15.4375,2.9375,16],"texture":"#0"},"south":{"uv":[2.625,15.4375,2.9375,16],"texture":"#0"},"west":{"uv":[2.625,15.4375,2.9375,16],"texture":"#0"},"up":{"uv":[2.625,15.4375,2.6875,15.5],"texture":"#0"},"down":{"uv":[2.875,15.6875,2.9375,15.75],"texture":"#0"}}},{"from":[-5.8,16.89,8],"to":[-1.2,25.17,12.6],"rotation":{"angle":0,"axis":"y","origin":[0.64,1.25,0.64]},"faces":{"north":{"uv":[2.625,15.4375,2.9375,16],"texture":"#0"},"east":{"uv":[2.625,15.4375,2.9375,16],"texture":"#0"},"south":{"uv":[2.625,15.4375,2.9375,16],"texture":"#0"},"west":{"uv":[2.625,15.4375,2.9375,16],"texture":"#0"},"up":{"uv":[2.625,15.4375,2.6875,15.5],"texture":"#0"},"down":{"uv":[2.875,15.6875,2.9375,15.75],"texture":"#0"}}},{"from":[23.64,16.89,8],"to":[28.24,25.17,12.6],"rotation":{"angle":0,"axis":"y","origin":[0.64,1.25,0.64]},"faces":{"north":{"uv":[2.625,15.4375,2.9375,16],"texture":"#0"},"east":{"uv":[2.625,15.4375,2.9375,16],"texture":"#0"},"south":{"uv":[2.625,15.4375,2.9375,16],"texture":"#0"},"west":{"uv":[2.625,15.4375,2.9375,16],"texture":"#0"},"up":{"uv":[2.625,15.4375,2.6875,15.5],"texture":"#0"},"down":{"uv":[2.875,15.6875,2.9375,15.75],"texture":"#0"}}},{"from":[17.2,16.89,9.84],"to":[21.8,25.17,14.44],"rotation":{"angle":0,"axis":"y","origin":[0.64,1.25,0.64]},"faces":{"north":{"uv":[2.625,15.4375,2.9375,16],"texture":"#0"},"east":{"uv":[2.625,15.4375,2.9375,16],"texture":"#0"},"south":{"uv":[2.625,15.4375,2.9375,16],"texture":"#0"},"west":{"uv":[2.625,15.4375,2.9375,16],"texture":"#0"},"up":{"uv":[2.625,15.4375,2.6875,15.5],"texture":"#0"},"down":{"uv":[2.875,15.6875,2.9375,15.75],"texture":"#0"}}},{"from":[17.2,0,2.48],"to":[21.8,8.28,7.08],"rotation":{"angle":0,"axis":"y","origin":[0.64,0,0.64]},"faces":{"north":{"uv":[3.25,15.4375,3.5625,16],"texture":"#0"},"east":{"uv":[3.1875,15.4375,3.25,16],"texture":"#0"},"south":{"uv":[3.1875,15.4375,3.25,16],"texture":"#0"},"west":{"uv":[3.1875,15.4375,3.25,16],"texture":"#0"},"up":{"uv":[3.1875,15.4375,3.25,15.5],"texture":"#0"},"down":{"uv":[3.375,15.9375,3.4375,16],"texture":"#0"}}},{"from":[-8.56,16.89,2.48],"to":[-3.96,25.17,7.08],"rotation":{"angle":0,"axis":"y","origin":[0.64,1.25,0.64]},"faces":{"north":{"uv":[3.25,15.4375,3.5625,16],"texture":"#0"},"east":{"uv":[3.1875,15.4375,3.25,16],"texture":"#0"},"south":{"uv":[3.1875,15.4375,3.25,16],"texture":"#0"},"west":{"uv":[3.1875,15.4375,3.25,16],"texture":"#0"},"up":{"uv":[3.1875,15.4375,3.25,15.5],"texture":"#0"},"down":{"uv":[3.375,15.9375,3.4375,16],"texture":"#0"}}},{"from":[8,16.89,2.48],"to":[12.6,25.17,7.08],"rotation":{"angle":0,"axis":"y","origin":[0.64,1.25,0.64]},"faces":{"north":{"uv":[3.25,15.4375,3.5625,16],"texture":"#0"},"east":{"uv":[3.1875,15.4375,3.25,16],"texture":"#0"},"south":{"uv":[3.1875,15.4375,3.25,16],"texture":"#0"},"west":{"uv":[3.1875,15.4375,3.25,16],"texture":"#0"},"up":{"uv":[3.1875,15.4375,3.25,15.5],"texture":"#0"},"down":{"uv":[3.375,15.9375,3.4375,16],"texture":"#0"}}},{"from":[4.32,16.89,8.92],"to":[8.92,25.17,13.52],"rotation":{"angle":0,"axis":"y","origin":[0.64,1.25,0.64]},"faces":{"north":{"uv":[3.25,15.4375,3.5625,16],"texture":"#0"},"east":{"uv":[3.1875,15.4375,3.25,16],"texture":"#0"},"south":{"uv":[3.1875,15.4375,3.25,16],"texture":"#0"},"west":{"uv":[3.1875,15.4375,3.25,16],"texture":"#0"},"up":{"uv":[3.1875,15.4375,3.25,15.5],"texture":"#0"},"down":{"uv":[3.375,15.9375,3.4375,16],"texture":"#0"}}},{"from":[-4.88,0,8.92],"to":[-0.28,8.28,13.52],"rotation":{"angle":0,"axis":"y","origin":[0.64,0,0.64]},"faces":{"north":{"uv":[3.25,15.4375,3.5625,16],"texture":"#0"},"east":{"uv":[3.1875,15.4375,3.25,16],"texture":"#0"},"south":{"uv":[3.1875,15.4375,3.25,16],"texture":"#0"},"west":{"uv":[3.1875,15.4375,3.25,16],"texture":"#0"},"up":{"uv":[3.1875,15.4375,3.25,15.5],"texture":"#0"},"down":{"uv":[3.375,15.9375,3.4375,16],"texture":"#0"}}},{"from":[-7.64,0,3.4],"to":[-3.04,8.28,8],"rotation":{"angle":0,"axis":"y","origin":[0.64,0,0.64]},"faces":{"north":{"uv":[3.25,15.4375,3.5625,16],"texture":"#0"},"east":{"uv":[3.1875,15.4375,3.25,16],"texture":"#0"},"south":{"uv":[3.1875,15.4375,3.25,16],"texture":"#0"},"west":{"uv":[3.1875,15.4375,3.25,16],"texture":"#0"},"up":{"uv":[3.1875,15.4375,3.25,15.5],"texture":"#0"},"down":{"uv":[3.375,15.9375,3.4375,16],"texture":"#0"}}},{"from":[9.84,0,3.4],"to":[14.44,8.28,8],"rotation":{"angle":0,"axis":"y","origin":[0.64,0,0.64]},"faces":{"north":{"uv":[1.75,15.4375,2.0625,16],"texture":"#0"},"east":{"uv":[2,15.4375,2.0625,16],"texture":"#0"},"south":{"uv":[1.75,15.4375,2.0625,16],"texture":"#0"},"west":{"uv":[1.75,15.4375,1.8125,16],"texture":"#0"},"up":{"uv":[1.75,15.4375,1.8125,15.5],"texture":"#0"},"down":{"uv":[2,15.9375,2.0625,16],"texture":"#0"}}},{"from":[25.48,0,3.4],"to":[30.08,8.28,8],"rotation":{"angle":0,"axis":"y","origin":[0.64,0,0.64]},"faces":{"north":{"uv":[1.75,15.4375,2.0625,16],"texture":"#0"},"east":{"uv":[2,15.4375,2.0625,16],"texture":"#0"},"south":{"uv":[1.75,15.4375,2.0625,16],"texture":"#0"},"west":{"uv":[1.75,15.4375,1.8125,16],"texture":"#0"},"up":{"uv":[1.75,15.4375,1.8125,15.5],"texture":"#0"},"down":{"uv":[2,15.9375,2.0625,16],"texture":"#0"}}},{"from":[-0.28,16.89,3.4],"to":[4.32,25.17,8],"rotation":{"angle":0,"axis":"y","origin":[0.64,1.25,0.64]},"faces":{"north":{"uv":[1.75,15.4375,2.0625,16],"texture":"#0"},"east":{"uv":[2,15.4375,2.0625,16],"texture":"#0"},"south":{"uv":[1.75,15.4375,2.0625,16],"texture":"#0"},"west":{"uv":[1.75,15.4375,1.8125,16],"texture":"#0"},"up":{"uv":[1.75,15.4375,1.8125,15.5],"texture":"#0"},"down":{"uv":[2,15.9375,2.0625,16],"texture":"#0"}}},{"from":[10.76,16.89,8.92],"to":[15.36,25.17,13.52],"rotation":{"angle":0,"axis":"y","origin":[0.64,1.25,0.64]},"faces":{"north":{"uv":[1.75,15.4375,2.0625,16],"texture":"#0"},"east":{"uv":[2,15.4375,2.0625,16],"texture":"#0"},"south":{"uv":[1.75,15.4375,2.0625,16],"texture":"#0"},"west":{"uv":[1.75,15.4375,1.8125,16],"texture":"#0"},"up":{"uv":[1.75,15.4375,1.8125,15.5],"texture":"#0"},"down":{"uv":[2,15.9375,2.0625,16],"texture":"#0"}}},{"from":[-13.16,16.89,8],"to":[-8.56,25.17,12.6],"rotation":{"angle":0,"axis":"y","origin":[0.64,1.25,0.64]},"faces":{"north":{"uv":[1.75,15.4375,2.0625,16],"texture":"#0"},"east":{"uv":[2,15.4375,2.0625,16],"texture":"#0"},"south":{"uv":[1.75,15.4375,2.0625,16],"texture":"#0"},"west":{"uv":[1.75,15.4375,1.8125,16],"texture":"#0"},"up":{"uv":[1.75,15.4375,1.8125,15.5],"texture":"#0"},"down":{"uv":[2,15.9375,2.0625,16],"texture":"#0"}}},{"from":[-16,15,0],"to":[32,17,16],"faces":{"north":{"uv":[2.625,15,5.625,15.125],"texture":"#0"},"east":{"uv":[2.625,15,5.625,15.125],"texture":"#0"},"south":{"uv":[2.625,15,5.625,15.125],"texture":"#0"},"west":{"uv":[2.625,15,5.625,15.125],"texture":"#0"},"up":{"uv":[2.625,15,5.625,15.0625],"texture":"#0"},"down":{"uv":[2.625,15.0625,5.625,15.125],"texture":"#0"}}}]}