{"display":{"gui":{"rotation":[0,137,0],"translation":[0,-2,0],"scale":[0.35,0.35,0.35]},"head":{"translation":[0,-30.5,-7.75],"scale":[1.6,1.6,1.6]},"fixed":{"rotation":[-90,0,0],"translation":[0,0,-16],"scale":[2,2,2]}},"texture_size":[64,64],"textures":{"0":"block/bench","particle":"block/bench"},"elements":[{"from":[-11,10.5,16.5],"to":[27,23.5,18.5],"rotation":{"angle":22.5,"axis":"x","origin":[8,17,15]},"faces":{"north":{"uv":[0,3.5,9.5,6.75],"rotation":180,"texture":"#0"},"east":{"uv":[9.5,1,10,4.25],"rotation":180,"texture":"#0"},"south":{"uv":[0,3.25,9.5,0],"rotation":180,"texture":"#0"},"west":{"uv":[9.5,1,10,4.25],"rotation":180,"texture":"#0"},"up":{"uv":[9.5,3.25,0,4],"texture":"#0"},"down":{"uv":[9.5,8.25,0,9],"texture":"#0"}}},{"from":[-9,8,0.5],"to":[25,10,14.5],"rotation":{"angle":0,"axis":"x","origin":[8,17,15]},"faces":{"north":{"uv":[9,6,0.5,6.75],"texture":"#0"},"east":{"uv":[2.75,13.125,3,13.25],"rotation":270,"texture":"#missing"},"south":{"uv":[9,6.75,0.5,7.5],"texture":"#0"},"west":{"uv":[2.75,13.125,3,13.25],"rotation":270,"texture":"#missing"},"up":{"uv":[0.5,3.25,9,6.75],"rotation":180,"texture":"#0"},"down":{"uv":[0.5,10.25,9,6.75],"rotation":180,"texture":"#0"}}},{"from":[25,8,0.5],"to":[27,11,14.5],"rotation":{"angle":0,"axis":"x","origin":[8,17,15]},"faces":{"north":{"uv":[13.75,1.5,14,2.25],"texture":"#0"},"east":{"uv":[10.5,1.5,14,2.25],"texture":"#0"},"south":{"uv":[10.5,1.5,10.75,2.25],"texture":"#0"},"west":{"uv":[14,1.5,10.5,2.25],"texture":"#0"},"up":{"uv":[14,1.75,10.5,1.5],"rotation":90,"texture":"#0"},"down":{"uv":[10.5,2,14,2.25],"rotation":90,"texture":"#0"}}},{"from":[-11,8,0.5],"to":[-9,11,14.5],"rotation":{"angle":0,"axis":"x","origin":[8,17,15]},"faces":{"north":{"uv":[13.75,1.5,14,2.25],"texture":"#0"},"east":{"uv":[10.5,1.5,14,2.25],"texture":"#0"},"south":{"uv":[10.5,1.5,10.75,2.25],"texture":"#0"},"west":{"uv":[14,1.5,10.5,2.25],"texture":"#0"},"up":{"uv":[14,1.75,10.5,1.5],"rotation":90,"texture":"#0"},"down":{"uv":[10.5,2,14,2.25],"rotation":90,"texture":"#0"}}},{"from":[26,0,2.5],"to":[26,8,12.5],"rotation":{"angle":0,"axis":"x","origin":[8,17,15]},"faces":{"north":{"uv":[0,14,1.25,14.25],"rotation":270,"texture":"#missing"},"east":{"uv":[11,2.25,13.5,4.25],"texture":"#0"},"south":{"uv":[0,0,0.25,1.25],"texture":"#missing"},"west":{"uv":[11,2.25,13.5,4.25],"texture":"#0"},"up":{"uv":[0,0,0.25,1.75],"rotation":180,"texture":"#missing"},"down":{"uv":[0,0,0.25,1.75],"texture":"#missing"}}},{"from":[-10,0,2.5],"to":[-10,8,12.5],"rotation":{"angle":0,"axis":"x","origin":[8,17,15]},"faces":{"north":{"uv":[0,14.25,1.25,14],"rotation":270,"texture":"#missing"},"east":{"uv":[11,2.25,13.5,4.25],"texture":"#0"},"south":{"uv":[0.25,0,0,1.25],"texture":"#missing"},"west":{"uv":[11,2.25,13.5,4.25],"texture":"#0"},"up":{"uv":[0.25,0,0,1.75],"rotation":180,"texture":"#missing"},"down":{"uv":[0.25,0,0,1.75],"texture":"#missing"}}},{"from":[25,0,0.5],"to":[27,8,2.5],"rotation":{"angle":0,"axis":"x","origin":[8,17,15]},"faces":{"north":{"uv":[9.5,4.25,10,2.25],"texture":"#0"},"east":{"uv":[10,2,12,2.5],"rotation":90,"texture":"#0"},"south":{"uv":[10,2.5,12,2.25],"rotation":90,"texture":"#0"},"west":{"uv":[10,2.5,12,2],"rotation":90,"texture":"#0"},"up":{"uv":[0,14.25,0.125,14],"rotation":270,"texture":"#missing"},"down":{"uv":[10,3.25,9.5,3.75],"rotation":180,"texture":"#0"}}},{"from":[-11,0,0.5],"to":[-9,8,2.5],"rotation":{"angle":0,"axis":"x","origin":[8,17,15]},"faces":{"north":{"uv":[9.5,4.25,10,2.25],"texture":"#0"},"east":{"uv":[10,2,12,2.5],"rotation":90,"texture":"#0"},"south":{"uv":[10,2.5,12,2.25],"rotation":90,"texture":"#0"},"west":{"uv":[10,2.5,12,2],"rotation":90,"texture":"#0"},"up":{"uv":[0,14,0.125,14.25],"rotation":270,"texture":"#missing"},"down":{"uv":[10,3.25,9.5,3.75],"rotation":180,"texture":"#0"}}},{"from":[25,0,12.5],"to":[27,8,14.5],"rotation":{"angle":0,"axis":"x","origin":[8,17,15]},"faces":{"north":{"uv":[10,2.5,12,2.25],"rotation":90,"texture":"#0"},"east":{"uv":[10,2.5,12,2],"rotation":90,"texture":"#0"},"south":{"uv":[9.5,4.25,10,2.25],"texture":"#0"},"west":{"uv":[10,2,12,2.5],"rotation":90,"texture":"#0"},"up":{"uv":[0,14.25,0.125,14],"rotation":270,"texture":"#missing"},"down":{"uv":[10,3.25,9.5,3.75],"texture":"#0"}}},{"from":[-11,0,12.5],"to":[-9,8,14.5],"rotation":{"angle":0,"axis":"x","origin":[8,17,15]},"faces":{"north":{"uv":[10,2.5,12,2.25],"rotation":90,"texture":"#0"},"east":{"uv":[10,2.5,12,2],"rotation":90,"texture":"#0"},"south":{"uv":[9.5,4.25,10,2.25],"texture":"#0"},"west":{"uv":[10,2,12,2.5],"rotation":90,"texture":"#0"},"up":{"uv":[0,14,0.125,14.25],"rotation":270,"texture":"#missing"},"down":{"uv":[10,3.25,9.5,3.75],"texture":"#0"}}},{"from":[26,11,0.5],"to":[26,18,15.5],"rotation":{"angle":0,"axis":"x","origin":[8,17,15]},"faces":{"north":{"uv":[0,0,0,0.875],"rotation":180,"texture":"#missing"},"east":{"uv":[10.5,0,14.25,1.75],"texture":"#0"},"south":{"uv":[0,0,0,0.875],"texture":"#missing"},"west":{"uv":[14.25,0,10.5,1.75],"texture":"#0"},"up":{"uv":[0,0,0,1.875],"rotation":180,"texture":"#missing"},"down":{"uv":[0,0,0,1.875],"texture":"#missing"}}},{"from":[-10,11,0.5],"to":[-10,18,15.5],"rotation":{"angle":0,"axis":"x","origin":[8,17,15]},"faces":{"north":{"uv":[0,0,0,0.875],"rotation":180,"texture":"#missing"},"east":{"uv":[10.5,0,14.25,1.75],"texture":"#0"},"south":{"uv":[0,0,0,0.875],"texture":"#missing"},"west":{"uv":[14.25,0,10.5,1.75],"texture":"#0"},"up":{"uv":[0,0,0,1.875],"rotation":180,"texture":"#missing"},"down":{"uv":[0,0,0,1.875],"texture":"#missing"}}}]}