{"display":{"head":{"translation":[0,-30.5,0],"scale":[1.6,1.6,1.6]},"fixed":{"rotation":[-90,0,0],"translation":[0,0,-16],"scale":[2,2,2]}},"texture_size":[32,32],"textures":{"0":"block/bin","particle":"block/bin"},"elements":[{"from":[2,0,2],"to":[14,12,14],"faces":{"north":{"uv":[0,9,6,15],"texture":"#0"},"east":{"uv":[0,9,6,15],"texture":"#0"},"south":{"uv":[0,9,6,15],"texture":"#0"},"west":{"uv":[0,9,6,15],"texture":"#0"},"up":{"uv":[6,0,12,6],"texture":"#0"},"down":{"uv":[6,0,12,6],"texture":"#0"}}},{"from":[2,12,2],"to":[14,18,14],"faces":{"north":{"uv":[0,6,6,9],"texture":"#0"},"east":{"uv":[0,6,6,9],"texture":"#0"},"south":{"uv":[0,6,6,9],"texture":"#0"},"west":{"uv":[0,6,6,9],"texture":"#0"},"up":{"uv":[0,0,6,6],"texture":"#0"},"down":{"uv":[6,6,12,12],"texture":"#0"}}},{"from":[14,18,14],"to":[2,12,2],"faces":{"north":{"uv":[0,9,6,6],"texture":"#0"},"east":{"uv":[0,9,6,6],"texture":"#0"},"south":{"uv":[0,9,6,6],"texture":"#0"},"west":{"uv":[0,9,6,6],"texture":"#0"},"up":{"uv":[6,0,12,6],"texture":"#0"},"down":{"uv":[0,0,6,6],"texture":"#0"}}}]}