{"elements":[{"from":[6,4,6],"to":[10,9,10],"rotation":{"angle":0,"axis":"y","origin":[0,-3,0]},"faces":{"north":{"uv":[6,3,10,8],"texture":"#0"},"east":{"uv":[6,3,10,8],"texture":"#0"},"south":{"uv":[6,3,10,8],"texture":"#0"},"west":{"uv":[6,3,10,8],"texture":"#0"},"up":{"uv":[6,3,10,8],"texture":"#0"},"down":{"uv":[6,3,10,8],"texture":"#0"}}},{"from":[5.5,10,5.5],"to":[10.5,13,10.5],"rotation":{"angle":0,"axis":"y","origin":[0,-4,0]},"faces":{"north":{"uv":[11,0,16,3],"texture":"#0"},"east":{"uv":[11,0,16,3],"texture":"#0"},"south":{"uv":[11,0,16,3],"texture":"#0"},"west":{"uv":[11,0,16,3],"texture":"#0"},"up":{"uv":[11,3,16,8],"texture":"#0"},"down":{"uv":[11,0,16,3],"texture":"#0"}}},{"from":[7.5,13,8],"to":[8.5,16,8],"rotation":{"angle":0,"axis":"y","origin":[0,-4,0]},"faces":{"north":{"uv":[9,0,10,3],"texture":"#0"},"east":{"uv":[9,0,10,3],"texture":"#0"},"south":{"uv":[9,0,10,3],"texture":"#0"},"west":{"uv":[9,0,10,3],"texture":"#0"},"up":{"uv":[9,0,10,3],"texture":"#0"},"down":{"uv":[9,0,10,3],"texture":"#0"}}},{"from":[6.5,9,6.5],"to":[9.5,12,9.5],"rotation":{"angle":0,"axis":"y","origin":[0,-3,0]},"faces":{"north":{"uv":[0,6,3,9],"texture":"#0"},"east":{"uv":[0,6,3,9],"texture":"#0"},"south":{"uv":[0,6,3,9],"texture":"#0"},"west":{"uv":[0,6,3,9],"texture":"#0"},"up":{"uv":[0,6,3,9],"texture":"#0"},"down":{"uv":[0,6,3,9],"texture":"#0"}}}],"textures":{"0":"block/lantern","particle":"block/lantern"}}