{"display":{"thirdperson_righthand":{"rotation":[63,34,0],"translation":[0,1,-1],"scale":[0.37891,0.37891,0.37891]},"thirdperson_lefthand":{"rotation":[63,34,0],"translation":[0,1,-1],"scale":[0.37891,0.37891,0.37891]},"firstperson_righthand":{"rotation":[3,112,-13],"translation":[9.5,0,-5.75],"scale":[0.35547,0.35547,0.35547]},"firstperson_lefthand":{"rotation":[3,112,-13],"translation":[9.5,0,-5.75],"scale":[0.35547,0.35547,0.35547]},"ground":{"translation":[0,4.25,0],"scale":[0.28906,0.28906,0.28906]},"gui":{"rotation":[30,-158,0],"translation":[-0.25,-0.25,0],"scale":[0.56992,0.56992,0.56992]},"head":{"translation":[0,-30.5,0],"scale":[1.6,1.6,1.6]},"fixed":{"rotation":[-90,0,0],"translation":[0,0,-15],"scale":[2,2,2]}},"texture_size":[32,32],"textures":{"0":"item/lantern_stone"},"elements":[{"from":[2,0,2],"to":[6,3,6],"faces":{"north":{"uv":[14,4,16,5.5],"texture":"#0"},"east":{"uv":[14,4,16,5.5],"texture":"#0"},"south":{"uv":[14,4,16,5.5],"texture":"#0"},"west":{"uv":[14,4,16,5.5],"texture":"#0"},"up":{"uv":[14,2,16,4],"texture":"#0"},"down":{"uv":[14,2,16,4],"texture":"#0"}}},{"from":[10,0,2],"to":[14,3,6],"faces":{"north":{"uv":[14,4,16,5.5],"texture":"#0"},"east":{"uv":[14,4,16,5.5],"texture":"#0"},"south":{"uv":[14,4,16,5.5],"texture":"#0"},"west":{"uv":[14,4,16,5.5],"texture":"#0"},"up":{"uv":[14,2,16,4],"texture":"#0"},"down":{"uv":[14,2,16,4],"texture":"#0"}}},{"from":[10,0,10],"to":[14,3,14],"faces":{"north":{"uv":[14,4,16,5.5],"texture":"#0"},"east":{"uv":[14,4,16,5.5],"texture":"#0"},"south":{"uv":[14,4,16,5.5],"texture":"#0"},"west":{"uv":[14,4,16,5.5],"texture":"#0"},"up":{"uv":[14,2,16,4],"texture":"#0"},"down":{"uv":[14,2,16,4],"texture":"#0"}}},{"from":[2,0,10],"to":[6,3,14],"faces":{"north":{"uv":[14,4,16,5.5],"texture":"#0"},"east":{"uv":[14,4,16,5.5],"texture":"#0"},"south":{"uv":[14,4,16,5.5],"texture":"#0"},"west":{"uv":[14,4,16,5.5],"texture":"#0"},"up":{"uv":[14,2,16,4],"texture":"#0"},"down":{"uv":[14,2,16,4],"texture":"#0"}}},{"from":[2,3,2],"to":[14,6,14],"faces":{"north":{"uv":[0,14.5,6,16],"texture":"#0"},"east":{"uv":[0,14.5,6,16],"texture":"#0"},"south":{"uv":[0,14.5,6,16],"texture":"#0"},"west":{"uv":[0,14.5,6,16],"texture":"#0"},"up":{"uv":[6,7,12,13],"texture":"#0"},"down":{"uv":[0,7,6,13],"texture":"#0"}}},{"from":[4,6,4],"to":[12,14,12],"faces":{"north":{"uv":[12,7,16,11],"texture":"#0"},"east":{"uv":[12,7,16,11],"texture":"#0"},"south":{"uv":[12,7,16,11],"texture":"#0"},"west":{"uv":[12,7,16,11],"texture":"#0"},"up":{"uv":[12,7,16,11],"texture":"#0"},"down":{"uv":[12,7,16,11],"texture":"#0"}}},{"from":[1,14,1],"to":[15,17,15],"faces":{"north":{"uv":[0,13,7,14.5],"texture":"#0"},"east":{"uv":[0,13,7,14.5],"texture":"#0"},"south":{"uv":[0,13,7,14.5],"texture":"#0"},"west":{"uv":[0,13,7,14.5],"texture":"#0"},"up":{"uv":[0,0,7,7],"texture":"#0"},"down":{"uv":[7,0,14,7],"texture":"#0"}}},{"from":[6,17,6],"to":[10,20,10],"rotation":{"angle":0,"axis":"y","origin":[5,0,0]},"faces":{"north":{"uv":[14,5.5,16,7],"texture":"#0"},"east":{"uv":[14,5.5,16,7],"texture":"#0"},"south":{"uv":[14,5.5,16,7],"texture":"#0"},"west":{"uv":[14,5.5,16,7],"texture":"#0"},"up":{"uv":[14,0,16,2],"texture":"#0"},"down":{"uv":[14,0,16,2],"texture":"#0"}}},{"from":[1,17,13],"to":[3,18,15],"faces":{"north":{"uv":[0,0,1,1],"texture":"#0"},"east":{"uv":[0,0,1,1],"texture":"#0"},"south":{"uv":[0,0,1,1],"texture":"#0"},"west":{"uv":[0,0,1,1],"texture":"#0"},"up":{"uv":[0,0,1,1],"texture":"#0"},"down":{"uv":[0,0,1,1],"texture":"#0"}}},{"from":[1,17,1],"to":[3,18,3],"faces":{"north":{"uv":[0,0,1,1],"texture":"#0"},"east":{"uv":[0,0,1,1],"texture":"#0"},"south":{"uv":[0,0,1,1],"texture":"#0"},"west":{"uv":[0,0,1,1],"texture":"#0"},"up":{"uv":[0,0,1,1],"texture":"#0"},"down":{"uv":[0,0,1,1],"texture":"#0"}}},{"from":[13,17,1],"to":[15,18,3],"faces":{"north":{"uv":[0,0,1,1],"texture":"#0"},"east":{"uv":[0,0,1,1],"texture":"#0"},"south":{"uv":[0,0,1,1],"texture":"#0"},"west":{"uv":[0,0,1,1],"texture":"#0"},"up":{"uv":[0,0,1,1],"texture":"#0"},"down":{"uv":[0,0,1,1],"texture":"#0"}}},{"from":[13,17,13],"to":[15,18,15],"faces":{"north":{"uv":[0,0,1,1],"texture":"#0"},"east":{"uv":[0,0,1,1],"texture":"#0"},"south":{"uv":[0,0,1,1],"texture":"#0"},"west":{"uv":[0,0,1,1],"texture":"#0"},"up":{"uv":[0,0,1,1],"texture":"#0"},"down":{"uv":[0,0,1,1],"texture":"#0"}}}]}