{"display":{"head":{"scale":[3.2,3.2,3.2]}},"texture_size":[64,64],"textures":{"0":"item/parkour_warrior","particle":"item/parkour_warrior"},"elements":[{"from":[0,-9,-14],"to":[16,7,2],"faces":{"north":{"uv":[0,4,4,8],"texture":"#0"},"east":{"uv":[0,4,4,8],"texture":"#0"},"south":{"uv":[0,4,4,8],"texture":"#0"},"west":{"uv":[0,4,4,8],"texture":"#0"},"up":{"uv":[0,0,4,4],"texture":"#0"},"down":{"uv":[0,8,4,12],"texture":"#0"}}},{"from":[8,9,-8],"to":[8,27,24],"faces":{"north":{"uv":[4,0,12,4.5],"texture":"#0"},"east":{"uv":[12,0,4,4.5],"texture":"#0"},"south":{"uv":[4,0,12,4.5],"texture":"#0"},"west":{"uv":[4,0,12,4.5],"texture":"#0"},"up":{"uv":[4,0,12,4.5],"texture":"#0"},"down":{"uv":[4,0,12,4.5],"texture":"#0"}}},{"from":[0,-3,13],"to":[16,13,29],"faces":{"north":{"uv":[0,4,4,8],"texture":"#0"},"east":{"uv":[0,4,4,8],"texture":"#0"},"south":{"uv":[0,4,4,8],"texture":"#0"},"west":{"uv":[0,4,4,8],"texture":"#0"},"up":{"uv":[0,0,4,4],"texture":"#0"},"down":{"uv":[0,8,4,12],"texture":"#0"}}}]}