{"display":{"thirdperson_righthand":{"rotation":[63,34,0],"translation":[0,1,-1],"scale":[0.37891,0.37891,0.37891]},"thirdperson_lefthand":{"rotation":[63,34,0],"translation":[0,1,-1],"scale":[0.37891,0.37891,0.37891]},"firstperson_righthand":{"rotation":[3,112,-13],"translation":[9.5,0,-5.75],"scale":[0.35547,0.35547,0.35547]},"firstperson_lefthand":{"rotation":[3,112,-13],"translation":[9.5,0,-5.75],"scale":[0.35547,0.35547,0.35547]},"ground":{"translation":[0,4.25,0],"scale":[0.28906,0.28906,0.28906]},"gui":{"rotation":[30,-158,0],"translation":[-0.25,-2.5,0],"scale":[0.23594,0.23594,0.23594]},"head":{"translation":[0,-17.6,0],"scale":[3.2,3.2,3.2]},"fixed":{"rotation":[180,180,180],"translation":[0,0,15],"scale":[4,4,4]}},"texture_size":[128,128],"textures":{"0":"item/sign_easy"},"elements":[{"from":[-12,0,7.5],"to":[28,16,8.5],"rotation":{"angle":0,"axis":"y","origin":[-12,0,4]},"faces":{"north":{"uv":[0,0,10,3.875],"texture":"#0"},"east":{"uv":[0,0,0.125,0.125],"texture":"#missing"},"south":{"uv":[0,4,10,8],"texture":"#0"},"west":{"uv":[0,0,0.125,0.125],"texture":"#missing"},"up":{"uv":[0,0,0.125,0.125],"texture":"#missing"},"down":{"uv":[0,0,0.125,0.125],"texture":"#missing"}}},{"from":[-15,16,7],"to":[31,18,9],"rotation":{"angle":0,"axis":"y","origin":[-8,0,4]},"faces":{"north":{"uv":[0,8,11.5,8.5],"texture":"#0"},"east":{"uv":[11.5,8,12,8.5],"texture":"#0"},"south":{"uv":[0,8,11.5,8.5],"texture":"#0"},"west":{"uv":[11.5,8,12,8.5],"texture":"#0"},"up":{"uv":[0,8.5,11.5,9],"texture":"#0"},"down":{"uv":[0,9,11.5,9.5],"texture":"#0"}}},{"from":[-15,-2,7],"to":[31,0,9],"rotation":{"angle":0,"axis":"y","origin":[-8,0,4]},"faces":{"north":{"uv":[0,8,11.5,8.5],"texture":"#0"},"east":{"uv":[11.5,8,12,8.5],"texture":"#0"},"south":{"uv":[0,8,11.5,8.5],"texture":"#0"},"west":{"uv":[11.5,8,12,8.5],"texture":"#0"},"up":{"uv":[0,8.5,11.5,9],"texture":"#0"},"down":{"uv":[0,9,11.5,9.5],"texture":"#0"}}},{"from":[28.015,-2.985,7.015],"to":[29.985,18.985,8.985],"rotation":{"angle":0,"axis":"z","origin":[8,17,8]},"faces":{"north":{"uv":[0,9.5,5.5,10],"rotation":90,"texture":"#0"},"east":{"uv":[0,10,5.5,10.5],"rotation":90,"texture":"#0"},"south":{"uv":[0,9.5,5.5,10],"rotation":270,"texture":"#0"},"west":{"uv":[0,10.5,5.5,11],"rotation":90,"texture":"#0"},"up":{"uv":[11.5,8,12,8.5],"texture":"#0"},"down":{"uv":[11.5,8,12,8.5],"texture":"#0"}}},{"from":[-13.985,-2.985,7.015],"to":[-12.015,18.985,8.985],"rotation":{"angle":0,"axis":"y","origin":[-13,8,8]},"faces":{"north":{"uv":[0,9.5,5.5,10],"rotation":270,"texture":"#0"},"east":{"uv":[0,10.5,5.5,11],"rotation":90,"texture":"#0"},"south":{"uv":[0,9.5,5.5,10],"rotation":90,"texture":"#0"},"west":{"uv":[0,10,5.5,10.5],"rotation":90,"texture":"#0"},"up":{"uv":[11.5,8,12,8.5],"rotation":180,"texture":"#0"},"down":{"uv":[11.5,8,12,8.5],"rotation":180,"texture":"#0"}}}]}