{"display":{"thirdperson_righthand":{"scale":[0.25,0.25,0.25]},"thirdperson_lefthand":{"scale":[0.25,0.25,0.25]},"firstperson_righthand":{"translation":[0,3,0],"scale":[0.25,0.25,0.25]},"firstperson_lefthand":{"translation":[0,3,0],"scale":[0.25,0.25,0.25]},"ground":{"scale":[0.25,0.25,0.25]},"gui":{"rotation":[30,-158,0],"translation":[-0.25,-2.5,0],"scale":[0.23594,0.23594,0.23594]},"head":{"rotation":[0,180,0],"translation":[0,-10.1,0],"scale":[3.2,3.2,3.2]},"fixed":{"rotation":[180,180,180],"translation":[0,0,15],"scale":[4,4,4]}},"texture_size":[128,128],"textures":{"0":"item/sign_bonus"},"elements":[{"from":[-8,0,7.5],"to":[24,16,8.5],"rotation":{"angle":0,"axis":"y","origin":[8,8,8]},"faces":{"north":{"uv":[0,0,8,4],"texture":"#0"},"east":{"uv":[0,0,0.125,0.125],"texture":"#missing"},"south":{"uv":[0,4,8,8],"texture":"#0"},"west":{"uv":[0,0,0.125,0.125],"texture":"#missing"},"up":{"uv":[0,0,0.125,0.125],"rotation":180,"texture":"#missing"},"down":{"uv":[0,0,0.125,0.125],"rotation":180,"texture":"#missing"}}},{"from":[-11,16,7],"to":[27,18,9],"rotation":{"angle":0,"axis":"y","origin":[-8,0,4]},"faces":{"north":{"uv":[0,8,9.5,8.5],"texture":"#0"},"east":{"uv":[9.5,8,10,8.5],"texture":"#0"},"south":{"uv":[0,8,9.5,8.5],"texture":"#0"},"west":{"uv":[9.5,8,10,8.5],"texture":"#0"},"up":{"uv":[0,8.5,9.5,9],"texture":"#0"},"down":{"uv":[0,9,9.5,9.5],"texture":"#0"}}},{"from":[-11,-2,7],"to":[27,0,9],"rotation":{"angle":0,"axis":"z","origin":[8,-1,8]},"faces":{"north":{"uv":[0,8,9.5,8.5],"texture":"#0"},"east":{"uv":[9.5,8,10,8.5],"texture":"#0"},"south":{"uv":[0,8,9.5,8.5],"texture":"#0"},"west":{"uv":[9.5,8,10,8.5],"texture":"#0"},"up":{"uv":[0,8.5,9.5,9],"texture":"#0"},"down":{"uv":[0,9,9.5,9.5],"texture":"#0"}}},{"from":[24.015,-2.985,7.015],"to":[25.985,18.985,8.985],"rotation":{"angle":0,"axis":"z","origin":[8,17,8]},"faces":{"north":{"uv":[3.125,8,8.625,8.5],"rotation":90,"texture":"#0"},"east":{"uv":[3.125,9,8.625,9.5],"rotation":270,"texture":"#0"},"south":{"uv":[3.125,8,8.625,8.46875],"rotation":270,"texture":"#0"},"west":{"uv":[3.125,8.5,8.625,9],"rotation":270,"texture":"#0"},"up":{"uv":[9.5,8,10,8.5],"rotation":270,"texture":"#0"},"down":{"uv":[9.5,8,10,8.5],"rotation":270,"texture":"#0"}}},{"from":[-9.985,-2.985,7.015],"to":[-8.015,18.985,8.985],"rotation":{"angle":0,"axis":"y","origin":[-9,8,8]},"faces":{"north":{"uv":[3.125,8,8.625,8.46875],"rotation":270,"texture":"#0"},"east":{"uv":[3.125,8.5,8.625,9],"rotation":270,"texture":"#0"},"south":{"uv":[3.125,8,8.625,8.5],"rotation":90,"texture":"#0"},"west":{"uv":[3.125,9,8.625,9.5],"rotation":270,"texture":"#0"},"up":{"uv":[9.5,8,10,8.5],"rotation":90,"texture":"#0"},"down":{"uv":[9.5,8,10,8.5],"rotation":90,"texture":"#0"}}}]}