{"elements":[{"from":[10.39115,0,3.70306],"to":[13.39115,1,6.70306],"rotation":{"angle":0,"axis":"y","origin":[8.8458,0.5,8.09358]},"faces":{"north":{"uv":[3,8,0,9],"rotation":180,"texture":"#0"},"east":{"uv":[0,9,1,6],"rotation":90,"texture":"#0"},"south":{"uv":[0,6,3,7],"rotation":180,"texture":"#0"},"west":{"uv":[2,6,3,9],"rotation":90,"texture":"#0"},"up":{"uv":[0,6,3,9],"rotation":180,"texture":"#0"},"down":{"uv":[0,9,3,6],"rotation":180,"texture":"#0"}}},{"from":[2.19811,0,6.51363],"to":[6.19811,1,10.51363],"rotation":{"angle":-22.5,"axis":"y","origin":[8.8458,0.5,8.09358]},"faces":{"north":{"uv":[9,8,12,9],"rotation":180,"texture":"#0"},"east":{"uv":[9,8,12,9],"rotation":180,"texture":"#0"},"south":{"uv":[9,8,12,9],"rotation":180,"texture":"#0"},"west":{"uv":[9,8,12,9],"rotation":180,"texture":"#0"},"up":{"uv":[6,6,9,9],"rotation":180,"texture":"#0"},"down":{"uv":[6,6,9,9],"rotation":180,"texture":"#0"}}},{"from":[11.86949,0,9.12421],"to":[13.86949,1,11.12421],"rotation":{"angle":-45,"axis":"y","origin":[8.8458,0.5,8.09358]},"faces":{"north":{"uv":[5,7,3,8],"rotation":180,"texture":"#0"},"east":{"uv":[4,8,3,6],"rotation":90,"texture":"#0"},"south":{"uv":[3,6,5,7],"rotation":180,"texture":"#0"},"west":{"uv":[4,6,5,8],"rotation":90,"texture":"#0"},"up":{"uv":[3,6,5,8],"rotation":180,"texture":"#0"},"down":{"uv":[3,8,5,6],"rotation":180,"texture":"#0"}}}],"textures":{"0":"block/stones","particle":"block/stones"}}