{"elements":[{"from":[9.98099,0,10.74683],"to":[12.98099,1,13.74683],"rotation":{"angle":0,"axis":"y","origin":[8.66419,0.5,9.01987]},"faces":{"north":{"uv":[8,6,9,9],"rotation":90,"texture":"#0"},"east":{"uv":[6,8,9,9],"texture":"#0"},"south":{"uv":[6,9,7,6],"rotation":90,"texture":"#0"},"west":{"uv":[9,6,6,7],"texture":"#0"},"up":{"uv":[6,6,9,9],"rotation":270,"texture":"#0"},"down":{"uv":[9,6,6,9],"rotation":270,"texture":"#0"}}},{"from":[6.24554,0,2.56818],"to":[10.24554,1,6.56818],"rotation":{"angle":-22.5,"axis":"y","origin":[8.66419,0.5,9.01987]},"faces":{"north":{"uv":[2,6,3,9],"rotation":90,"texture":"#0"},"east":{"uv":[0,8,3,9],"texture":"#0"},"south":{"uv":[1,9,0,6],"rotation":90,"texture":"#0"},"west":{"uv":[3,6,0,7],"texture":"#0"},"up":{"uv":[0,6,3,9],"rotation":270,"texture":"#0"},"down":{"uv":[3,6,0,9],"rotation":270,"texture":"#0"}}},{"from":[2.44491,0,6.40444],"to":[6.44491,1,10.40444],"rotation":{"angle":22.5,"axis":"y","origin":[8.66419,0.5,9.01987]},"faces":{"north":{"uv":[8,6,9,9],"rotation":90,"texture":"#0"},"east":{"uv":[9,8,6,9],"rotation":180,"texture":"#0"},"south":{"uv":[6,9,7,6],"rotation":90,"texture":"#0"},"west":{"uv":[6,6,9,7],"rotation":180,"texture":"#0"},"up":{"uv":[3,6,6,9],"rotation":270,"texture":"#0"},"down":{"uv":[0.375,6.375,0.75,6.75],"texture":"#missing"}}}],"textures":{"0":"block/stones","particle":"block/stones"}}