{"elements":[{"from":[3.5,0,8.5],"to":[7.5,1,10.5],"rotation":{"angle":-22.5,"axis":"y","origin":[7.5,0.5,11]},"faces":{"north":{"uv":[4,6,0,5],"texture":"#0"},"east":{"uv":[1,6,0,4],"rotation":90,"texture":"#0"},"south":{"uv":[0,0,4,1],"texture":"#missing"},"west":{"uv":[4,4,3,6],"rotation":90,"texture":"#0"},"up":{"uv":[4,6,0,4],"texture":"#0"},"down":{"uv":[4,4,0,6],"texture":"#0"}}},{"from":[9.5,0,4.5],"to":[12.5,1,7.5],"rotation":{"angle":-22.5,"axis":"y","origin":[7.5,0.5,11]},"faces":{"north":{"uv":[6,6,3,7],"texture":"#0"},"east":{"uv":[5,6,6,9],"rotation":90,"texture":"#0"},"south":{"uv":[3,8,6,9],"texture":"#0"},"west":{"uv":[3,9,4,6],"rotation":90,"texture":"#0"},"up":{"uv":[3,6,6,9],"texture":"#0"},"down":{"uv":[3,9,6,6],"texture":"#0"}}},{"from":[3.67357,0,1.5454],"to":[5.67357,1,3.5454],"rotation":{"angle":22.5,"axis":"y","origin":[4.17357,0.5,2.0454]},"faces":{"north":{"uv":[6,6,8,7],"texture":"#0"},"east":{"uv":[6,7,8,8],"texture":"#0"},"south":{"uv":[6,7,8,8],"texture":"#0"},"west":{"uv":[6,8,7,6],"rotation":90,"texture":"#0"},"up":{"uv":[6,6,8,8],"texture":"#0"},"down":{"uv":[6,8,8,6],"texture":"#0"}}},{"from":[2.5,0,10.5],"to":[8.5,1,14.5],"rotation":{"angle":-22.5,"axis":"y","origin":[7.5,0.5,11]},"faces":{"north":{"uv":[0,0,6,1],"texture":"#0"},"east":{"uv":[5,0,6,4],"rotation":90,"texture":"#0"},"south":{"uv":[0,3,6,4],"texture":"#0"},"west":{"uv":[1,4,0,0],"rotation":90,"texture":"#0"},"up":{"uv":[0,0,6,4],"texture":"#0"},"down":{"uv":[0,4,6,0],"texture":"#0"}}},{"from":[3,0.5,10],"to":[8,0.5,15],"rotation":{"angle":-22.5,"axis":"y","origin":[7.5,0.5,11]},"faces":{"north":{"uv":[0,0,6,0],"texture":"#missing"},"east":{"uv":[0,0,6,0],"texture":"#missing"},"south":{"uv":[0,0,6,0],"texture":"#missing"},"west":{"uv":[0,0,6,0],"texture":"#missing"},"up":{"uv":[0,0,4,4],"texture":"#0"},"down":{"uv":[0,4,4,0],"texture":"#0"}}}],"textures":{"0":"block/stones","particle":"block/stones"}}