{"elements":[{"from":[8.25,0,10.25],"to":[11.25,1,13.25],"rotation":{"angle":-22.5,"axis":"y","origin":[6.25,0.5,10.75]},"faces":{"north":{"uv":[3,6,0,7],"texture":"#0"},"east":{"uv":[2,6,3,9],"rotation":90,"texture":"#0"},"south":{"uv":[0,8,3,9],"texture":"#0"},"west":{"uv":[1,6,0,9],"rotation":270,"texture":"#0"},"up":{"uv":[0,6,3,9],"texture":"#0"},"down":{"uv":[0,9,3,6],"texture":"#0"}}},{"from":[-0.57643,0,7.2954],"to":[1.42357,1,9.2954],"rotation":{"angle":22.5,"axis":"y","origin":[2.92357,0.5,1.7954]},"faces":{"north":{"uv":[3,6,5,7],"rotation":270,"texture":"#0"},"east":{"uv":[4,8,5,6],"rotation":270,"texture":"#0"},"south":{"uv":[5,7,3,8],"rotation":180,"texture":"#0"},"west":{"uv":[3,6,4,8],"rotation":270,"texture":"#0"},"up":{"uv":[3,6,5,8],"texture":"#0"},"down":{"uv":[3,8,5,6],"texture":"#0"}}},{"from":[8,0.25,6],"to":[15,0.25,8],"rotation":{"angle":22.5,"axis":"y","origin":[6.25,0.5,10.75]},"faces":{"north":{"uv":[0,4.375,0.125,4.875],"rotation":270,"texture":"#missing"},"east":{"uv":[0.625,4.375,0.75,4.875],"rotation":90,"texture":"#missing"},"south":{"uv":[0,0,6,1],"texture":"#missing"},"west":{"uv":[0,4.375,0.125,4.875],"rotation":270,"texture":"#missing"},"up":{"uv":[9,2,16,4],"texture":"#0"},"down":{"uv":[9,2,16,4],"texture":"#0"}}},{"from":[10,0.25,4],"to":[13,0.25,6],"rotation":{"angle":22.5,"axis":"y","origin":[6.25,0.5,10.75]},"faces":{"north":{"uv":[0,4.375,0.125,4.875],"rotation":270,"texture":"#missing"},"east":{"uv":[0.625,4.375,0.75,4.875],"rotation":90,"texture":"#missing"},"south":{"uv":[0,0,6,1],"texture":"#missing"},"west":{"uv":[0,4.375,0.125,4.875],"rotation":270,"texture":"#missing"},"up":{"uv":[11,0,14,2],"texture":"#0"},"down":{"uv":[11,0,14,2],"texture":"#0"}}},{"from":[9,0.25,8],"to":[14,0.25,9],"rotation":{"angle":22.5,"axis":"y","origin":[6.25,0.5,10.75]},"faces":{"north":{"uv":[0,4.375,0.125,4.875],"rotation":270,"texture":"#missing"},"east":{"uv":[0.625,4.375,0.75,4.875],"rotation":90,"texture":"#missing"},"south":{"uv":[0,0,6,1],"texture":"#missing"},"west":{"uv":[0,4.375,0.125,4.875],"rotation":270,"texture":"#missing"},"up":{"uv":[10,4,15,5],"texture":"#0"},"down":{"uv":[10,4,15,5],"texture":"#0"}}},{"from":[8,0.25,9],"to":[11,0.25,10],"rotation":{"angle":22.5,"axis":"y","origin":[6.25,0.5,10.75]},"faces":{"north":{"uv":[0,4.375,0.125,4.875],"rotation":270,"texture":"#missing"},"east":{"uv":[0.625,4.375,0.75,4.875],"rotation":90,"texture":"#missing"},"south":{"uv":[0,0,6,1],"texture":"#missing"},"west":{"uv":[0,4.375,0.125,4.875],"rotation":270,"texture":"#missing"},"up":{"uv":[9,5,12,6],"texture":"#0"},"down":{"uv":[9,5,12,6],"texture":"#0"}}},{"from":[8,0.25,10],"to":[10,0.25,11],"rotation":{"angle":22.5,"axis":"y","origin":[6.25,0.5,10.75]},"faces":{"north":{"uv":[0,4.375,0.125,4.875],"rotation":270,"texture":"#missing"},"east":{"uv":[0.625,4.375,0.75,4.875],"rotation":90,"texture":"#missing"},"south":{"uv":[0,0,6,1],"texture":"#missing"},"west":{"uv":[0,4.375,0.125,4.875],"rotation":270,"texture":"#missing"},"up":{"uv":[9,6,11,7],"texture":"#0"},"down":{"uv":[9,6,11,7],"texture":"#0"}}},{"from":[13,0.25,10],"to":[15,0.25,11],"rotation":{"angle":22.5,"axis":"y","origin":[6.25,0.5,10.75]},"faces":{"north":{"uv":[0,4.375,0.125,4.875],"rotation":270,"texture":"#missing"},"east":{"uv":[0.625,4.375,0.75,4.875],"rotation":90,"texture":"#missing"},"south":{"uv":[0,0,6,1],"texture":"#missing"},"west":{"uv":[0,4.375,0.125,4.875],"rotation":270,"texture":"#missing"},"up":{"uv":[14,6,16,7],"texture":"#0"},"down":{"uv":[14,6,16,7],"texture":"#0"}}},{"from":[12,0.25,9],"to":[15,0.25,10],"rotation":{"angle":22.5,"axis":"y","origin":[6.25,0.5,10.75]},"faces":{"north":{"uv":[0,4.375,0.125,4.875],"rotation":270,"texture":"#missing"},"east":{"uv":[0.625,4.375,0.75,4.875],"rotation":90,"texture":"#missing"},"south":{"uv":[0,0,6,1],"texture":"#missing"},"west":{"uv":[0,4.375,0.125,4.875],"rotation":270,"texture":"#missing"},"up":{"uv":[13,5,16,6],"texture":"#0"},"down":{"uv":[13,5,16,6],"texture":"#0"}}}],"textures":{"0":"block/stones","particle":"block/stones"}}