{"display":{"thirdperson_righthand":{"rotation":[59,0,0],"translation":[-5.5,5.5,-3.5]},"thirdperson_lefthand":{"rotation":[59,0,0],"translation":[-5.5,5.5,-3.5]},"firstperson_righthand":{"rotation":[0,123,0]},"firstperson_lefthand":{"rotation":[0,123,0]},"ground":{"translation":[0,6.5,0]},"gui":{"rotation":[0,138,0],"translation":[-0.5,-1.75,0],"scale":[0.55,0.56,0.53]},"fixed":{"rotation":[-90,0,0],"translation":[0,0,-19],"scale":[2,2,2]}},"texture_size":[32,32],"textures":{"0":"block/stool","particle":"block/stool"},"elements":[{"from":[1,9.375,1],"to":[15,11.375,15],"rotation":{"angle":0,"axis":"y","origin":[7,1.375,7]},"faces":{"north":{"uv":[0.5,6.5,7.5,7.5],"texture":"#0"},"east":{"uv":[1,13,0,6],"rotation":90,"texture":"#0"},"south":{"uv":[0.5,6.5,7.5,7.5],"texture":"#0"},"west":{"uv":[1,6,0,13],"rotation":90,"texture":"#0"},"up":{"uv":[0.5,6,7.5,13],"texture":"#0"},"down":{"uv":[0.5,6,7.5,13],"texture":"#0"}}},{"from":[1.025,10.375,15.5],"to":[14.975,23.375,17.5],"rotation":{"angle":22.5,"axis":"x","origin":[8,17.375,16.5]},"faces":{"north":{"uv":[0.5,0,7.5,6],"texture":"#0"},"east":{"uv":[6.5,0,7.5,6],"texture":"#0"},"south":{"uv":[0.5,0,7.5,6],"texture":"#0"},"west":{"uv":[0.5,0,1.5,6],"texture":"#0"},"up":{"uv":[0.5,0,7.5,0.5],"texture":"#0"},"down":{"uv":[0.5,5,7.5,6],"texture":"#0"}}},{"from":[1,-2.75,5.75],"to":[15,13.25,7.75],"rotation":{"angle":45,"axis":"x","origin":[9,4.25,6.75]},"faces":{"north":{"uv":[7.5,0,14.5,8],"texture":"#0"},"east":{"uv":[7.5,0,8.5,8],"texture":"#0"},"south":{"uv":[7.5,0,14.5,8],"texture":"#0"},"west":{"uv":[7.5,0,8.5,8],"texture":"#0"},"up":{"uv":[7.5,0,14.5,1],"texture":"#0"},"down":{"uv":[7.5,7.5,14.5,8],"texture":"#0"}}},{"from":[1.025,-2.75,8.5],"to":[15.025,13.25,10.5],"rotation":{"angle":-45,"axis":"x","origin":[9,4.25,9.5]},"faces":{"north":{"uv":[7.5,0,14.5,8],"texture":"#0"},"east":{"uv":[7.5,0,8.5,8],"texture":"#0"},"south":{"uv":[7.5,0,14.5,8],"texture":"#0"},"west":{"uv":[7.5,0,8.5,8],"texture":"#0"},"up":{"uv":[7.5,0,14.5,1],"texture":"#0"},"down":{"uv":[7.5,7.5,14.5,8],"texture":"#0"}}}]}