{"display":{"head":{"translation":[0,-30.5,0],"scale":[1.6,1.6,1.6]},"fixed":{"rotation":[-90,0,0],"translation":[0,0,-16],"scale":[2,2,2]}},"texture_size":[32,32],"textures":{"0":"block/table","particle":"block/table"},"elements":[{"from":[-2,16,-2],"to":[18,18,18],"rotation":{"angle":0,"axis":"y","origin":[8,17,8]},"faces":{"north":{"uv":[0,0.5,0.5,10.5],"rotation":90,"texture":"#0"},"east":{"uv":[0,1,10,0],"texture":"#0"},"south":{"uv":[9.5,0.5,10,10.5],"rotation":90,"texture":"#0"},"west":{"uv":[0,10,10,11],"texture":"#0"},"up":{"uv":[0,0.5,10,10.5],"rotation":270,"texture":"#0"},"down":{"uv":[0,0.5,10,10.5],"rotation":270,"texture":"#0"}}},{"from":[7,0,7],"to":[9,16,9],"faces":{"north":{"uv":[12,0,13,8],"texture":"#0"},"east":{"uv":[12,0,13,8],"texture":"#0"},"south":{"uv":[12,0,13,8],"texture":"#0"},"west":{"uv":[12,0,13,8],"texture":"#0"},"up":{"uv":[12,0,13,0.5],"texture":"#0"},"down":{"uv":[12,7.5,13,8],"texture":"#0"}}},{"from":[7,0,0],"to":[9,2,8],"rotation":{"angle":-45,"axis":"y","origin":[8,1,8]},"faces":{"north":{"uv":[11.5,4,10.5,3],"rotation":90,"texture":"#0"},"east":{"uv":[11.5,4,10.5,0],"rotation":90,"texture":"#0"},"south":{"uv":[14,12.125,14.125,12.375],"texture":"#missing"},"west":{"uv":[11.5,0,10.5,4],"rotation":90,"texture":"#0"},"up":{"uv":[11.5,4,11,0],"texture":"#0"},"down":{"uv":[11,0,10.5,4],"texture":"#0"}}},{"from":[7,0,8],"to":[9,2,16],"rotation":{"angle":45,"axis":"y","origin":[8,1,8]},"faces":{"north":{"uv":[14.125,12.125,14,12.375],"texture":"#missing"},"east":{"uv":[11.5,0,10.5,4],"rotation":90,"texture":"#0"},"south":{"uv":[11.5,4,10.5,3],"rotation":90,"texture":"#0"},"west":{"uv":[11.5,4,10.5,0],"rotation":90,"texture":"#0"},"up":{"uv":[11.5,0,11,4],"texture":"#0"},"down":{"uv":[11,4,10.5,0],"texture":"#0"}}},{"from":[7,0,0],"to":[9,2,8],"rotation":{"angle":45,"axis":"y","origin":[8,1,8]},"faces":{"north":{"uv":[11.5,4,10.5,3],"rotation":90,"texture":"#0"},"east":{"uv":[11.5,4,10.5,0],"rotation":90,"texture":"#0"},"south":{"uv":[14.125,12.125,14,12.375],"texture":"#missing"},"west":{"uv":[11.5,0,10.5,4],"rotation":90,"texture":"#0"},"up":{"uv":[11.5,4,11,0],"texture":"#0"},"down":{"uv":[11,0,10.5,4],"texture":"#0"}}},{"from":[7,0,8],"to":[9,2,16],"rotation":{"angle":-45,"axis":"y","origin":[8,1,8]},"faces":{"north":{"uv":[14,12.125,14.125,12.375],"texture":"#missing"},"east":{"uv":[11.5,0,10.5,4],"rotation":90,"texture":"#0"},"south":{"uv":[11.5,4,10.5,3],"rotation":90,"texture":"#0"},"west":{"uv":[11.5,4,10.5,0],"rotation":90,"texture":"#0"},"up":{"uv":[11.5,0,11,4],"texture":"#0"},"down":{"uv":[11,4,10.5,0],"texture":"#0"}}}]}