{"display":{"thirdperson_righthand":{"rotation":[63,34,0],"translation":[0,1,-1],"scale":[0.37891,0.37891,0.37891]},"thirdperson_lefthand":{"rotation":[63,34,0],"translation":[0,1,-1],"scale":[0.37891,0.37891,0.37891]},"firstperson_righthand":{"rotation":[3,112,-13],"translation":[9.5,0,-5.75],"scale":[0.35547,0.35547,0.35547]},"firstperson_lefthand":{"rotation":[3,112,-13],"translation":[9.5,0,-5.75],"scale":[0.35547,0.35547,0.35547]},"ground":{"translation":[0,4.25,0],"scale":[0.28906,0.28906,0.28906]},"gui":{"rotation":[30,-158,0],"translation":[-0.25,-2.25,0],"scale":[0.56992,0.56992,0.56992]},"head":{"translation":[0,-27.25,0],"scale":[2,2,2]},"fixed":{"rotation":[-90,0,0],"translation":[0,0,-16],"scale":[2,2,2]}},"texture_size":[128,128],"textures":{"0":"block/techno_memorial","particle":"block/techno_memorial"},"elements":[{"from":[3.67678,12,7],"to":[8.67678,17,9],"rotation":{"angle":45,"axis":"z","origin":[8.17678,16.25,8]},"faces":{"north":{"uv":[1,0,2.25,1.25],"texture":"#0"},"east":{"uv":[4.75,0.625,5.25,1.875],"texture":"#0"},"south":{"uv":[1,0,2.25,1.25],"rotation":90,"texture":"#0"},"west":{"uv":[4.25,0.625,4.75,1.875],"texture":"#0"},"up":{"uv":[4.75,0.625,5.25,1.875],"rotation":90,"texture":"#0"},"down":{"uv":[4.25,0.625,4.75,1.875],"rotation":90,"texture":"#0"}}},{"from":[7,17,7],"to":[9,24.5,9],"rotation":{"angle":0,"axis":"y","origin":[4,-11,4]},"faces":{"north":{"uv":[1,1.25,1.5,3.125],"texture":"#0"},"east":{"uv":[1,1.25,1.5,3.125],"texture":"#0"},"south":{"uv":[1,1.25,1.5,3.125],"texture":"#0"},"west":{"uv":[1,1.25,1.5,3.125],"texture":"#0"},"up":{"uv":[0,0,1,1],"texture":"#missing"},"down":{"uv":[0,0,1,1],"texture":"#missing"}}},{"from":[12.5,15,7],"to":[15,17.5,9],"rotation":{"angle":0,"axis":"y","origin":[4,-8.5,4]},"faces":{"north":{"uv":[4.75,0,5.375,0.625],"texture":"#0"},"east":{"uv":[5.375,0,5.875,0.625],"texture":"#0"},"south":{"uv":[5.375,0,4.75,0.625],"texture":"#0"},"west":{"uv":[4.75,0.125,4.875,0.25],"texture":"#0"},"up":{"uv":[5.875,0,6.5,0.5],"texture":"#0"},"down":{"uv":[8,0,8.625,0.5],"texture":"#0"}}},{"from":[10,15,7],"to":[12.5,17,9],"rotation":{"angle":0,"axis":"y","origin":[4,-8.5,4]},"faces":{"north":{"uv":[4.25,0,4.875,0.5],"texture":"#0"},"east":{"uv":[0,0,1,1],"texture":"#missing"},"south":{"uv":[4.875,0,4.25,0.5],"texture":"#0"},"west":{"uv":[0,0,1,1],"texture":"#missing"},"up":{"uv":[6.5,0,7.125,0.5],"texture":"#0"},"down":{"uv":[7.25,0,7.875,0.5],"texture":"#0"}}},{"from":[1,15,7],"to":[3.5,17.5,9],"rotation":{"angle":0,"axis":"y","origin":[12,-8.5,4]},"faces":{"north":{"uv":[5.375,0,4.75,0.625],"texture":"#0"},"east":{"uv":[4.875,0.125,4.75,0.25],"texture":"#0"},"south":{"uv":[4.75,0,5.375,0.625],"texture":"#0"},"west":{"uv":[5.875,0,5.375,0.625],"texture":"#0"},"up":{"uv":[6.5,0,5.875,0.5],"texture":"#0"},"down":{"uv":[8.625,0,8,0.5],"texture":"#0"}}},{"from":[3.5,15,7],"to":[6,17,9],"rotation":{"angle":0,"axis":"y","origin":[12,-8.5,4]},"faces":{"north":{"uv":[4.875,0,4.25,0.5],"texture":"#0"},"east":{"uv":[1,0,0,1],"texture":"#missing"},"south":{"uv":[4.25,0,4.875,0.5],"texture":"#0"},"west":{"uv":[1,0,0,1],"texture":"#missing"},"up":{"uv":[7.125,0,6.5,0.5],"texture":"#0"},"down":{"uv":[7.875,0,7.25,0.5],"texture":"#0"}}},{"from":[6.5,14.5,6],"to":[9.5,16.5,6.5],"rotation":{"angle":0,"axis":"y","origin":[4,-8.5,4]},"faces":{"north":{"uv":[3.5,0.25,4.25,0.75],"texture":"#0"},"east":{"uv":[3.5,0.25,3.625,0.75],"texture":"#0"},"south":{"uv":[3.5,0.25,4.25,0.75],"texture":"#0"},"west":{"uv":[3.5,0.25,3.625,0.75],"texture":"#0"},"up":{"uv":[3.5,0.25,4.25,0.375],"texture":"#0"},"down":{"uv":[3.5,0.625,4.25,0.75],"texture":"#0"}}},{"from":[6.5,14.5,9.5],"to":[9.5,16.5,10],"rotation":{"angle":0,"axis":"y","origin":[4,-8.5,12]},"faces":{"north":{"uv":[4.25,0.25,3.5,0.75],"texture":"#0"},"east":{"uv":[3.625,0.25,3.5,0.75],"texture":"#0"},"south":{"uv":[4.25,0.25,3.5,0.75],"texture":"#0"},"west":{"uv":[3.625,0.25,3.5,0.75],"texture":"#0"},"up":{"uv":[3.5,0.375,4.25,0.25],"texture":"#0"},"down":{"uv":[3.5,0.75,4.25,0.625],"texture":"#0"}}},{"from":[9,18.5,6.5],"to":[10.5,19.5,9.5],"rotation":{"angle":0,"axis":"y","origin":[4,-8.5,4]},"faces":{"north":{"uv":[3.875,0,3.5,0.25],"texture":"#0"},"east":{"uv":[3,1.875,3.75,2.125],"texture":"#0"},"south":{"uv":[3.5,0,3.875,0.25],"texture":"#0"},"west":{"uv":[3.375,2.125,4.125,2.375],"texture":"#0"},"up":{"uv":[3,2.125,3.375,2.875],"texture":"#0"},"down":{"uv":[0,0,1,1],"texture":"#missing"}}},{"from":[5.5,18.5,6.5],"to":[7,19.5,9.5],"rotation":{"angle":0,"axis":"y","origin":[12,-8.5,4]},"faces":{"north":{"uv":[3.5,0,3.875,0.25],"texture":"#0"},"east":{"uv":[4.125,2.125,3.375,2.375],"texture":"#0"},"south":{"uv":[3.875,0,3.5,0.25],"texture":"#0"},"west":{"uv":[3.75,1.875,3,2.125],"texture":"#0"},"up":{"uv":[3.375,2.125,3,2.875],"texture":"#0"},"down":{"uv":[1,0,0,1],"texture":"#missing"}}},{"from":[5.5,14,6.5],"to":[10.5,18.5,9.5],"rotation":{"angle":0,"axis":"y","origin":[4,-8.5,4]},"faces":{"north":{"uv":[2.25,0,3.5,1.125],"texture":"#0"},"east":{"uv":[2.25,1.125,3,2.25],"texture":"#0"},"south":{"uv":[2.25,0,3.5,1.125],"texture":"#0"},"west":{"uv":[2.25,1.125,3,2.25],"texture":"#0"},"up":{"uv":[1,3.125,2.25,3.875],"texture":"#0"},"down":{"uv":[3,1.125,4.25,1.875],"texture":"#0"}}},{"from":[6,0,7.5],"to":[10,15.5,8.5],"rotation":{"angle":0,"axis":"y","origin":[4,-8,4]},"faces":{"north":{"uv":[0,0,1,3.875],"texture":"#0"},"east":{"uv":[0,0,0.125,3.875],"texture":"#0"},"south":{"uv":[1,0,0,3.875],"texture":"#0"},"west":{"uv":[0.875,0,1,3.875],"texture":"#0"},"up":{"uv":[0.75,0,0.875,0.125],"texture":"#0"},"down":{"uv":[0.75,0,0.875,0.125],"texture":"#0"}}},{"from":[11.67678,20,6.5],"to":[14.67678,23,9.5],"rotation":{"angle":45,"axis":"z","origin":[8.17678,16.25,8]},"faces":{"north":{"uv":[1.5,1.25,2.25,2],"texture":"#0"},"east":{"uv":[2.25,2.25,3,3],"texture":"#0"},"south":{"uv":[1.5,1.25,2.25,2],"rotation":90,"texture":"#0"},"west":{"uv":[1.5,2,2.25,2.75],"texture":"#0"},"up":{"uv":[2.25,2.25,3,3],"rotation":90,"texture":"#0"},"down":{"uv":[1.5,2,2.25,2.75],"rotation":90,"texture":"#0"}}},{"from":[12.96756,9.48539,3.5],"to":[16.96756,18.48539,12.5],"rotation":{"angle":22.5,"axis":"z","origin":[14.96756,13.98539,8]},"faces":{"north":{"uv":[10.625,0,12.875,1],"rotation":270,"texture":"#0"},"east":{"uv":[13.375,0,13.5,0.125],"rotation":90,"texture":"#0"},"south":{"uv":[10.625,0,12.875,1],"rotation":90,"texture":"#0"},"west":{"uv":[10.625,1.125,12.875,3.375],"rotation":90,"texture":"#0"},"up":{"uv":[10.625,0,12.875,1],"rotation":90,"texture":"#0"},"down":{"uv":[10.625,0,12.875,1],"rotation":90,"texture":"#0"}}},{"name":"cube inverted","from":[10.5,17,12.5],"to":[6.5,8,3.5],"rotation":{"angle":22.5,"axis":"z","origin":[8,29.5,8]},"faces":{"north":{"uv":[10.625,1,12.875,0],"rotation":270,"texture":"#0"},"east":{"uv":[12.875,1.125,10.625,3.375],"rotation":90,"texture":"#0"},"south":{"uv":[10.625,1,12.875,0],"rotation":90,"texture":"#0"},"west":{"uv":[13.5,0,13.375,0.125],"rotation":90,"texture":"#0"},"up":{"uv":[10.625,1,12.875,0],"rotation":90,"texture":"#0"},"down":{"uv":[10.625,1,12.875,0],"rotation":90,"texture":"#0"}}}]}