{"display":{"thirdperson_righthand":{"rotation":[63,34,0],"translation":[0,1,1],"scale":[0.52539,0.52539,0.52539]},"thirdperson_lefthand":{"rotation":[63,34,0],"translation":[0,1,1],"scale":[0.52539,0.52539,0.52539]},"firstperson_righthand":{"rotation":[3,112,-13],"translation":[9.5,0,-5.75],"scale":[0.41992,0.41992,0.41992]},"firstperson_lefthand":{"rotation":[3,112,-13],"translation":[9.5,0,-5.75],"scale":[0.41992,0.41992,0.41992]},"ground":{"translation":[0,4.25,0],"scale":[0.21875,0.21875,0.21875]},"gui":{"rotation":[30,-158,0],"translation":[0.25,0.75,0],"scale":[0.33945,0.33945,0.33945]},"head":{"translation":[0,-5,0],"scale":[1.6,1.6,1.6]},"fixed":{"rotation":[-90,0,0],"translation":[0,0,-48],"scale":[2,2,2]}},"texture_size":[32,32],"textures":{"0":"block/tiki","particle":"block/tiki"},"elements":[{"from":[7,1,7],"to":[9,18,9],"faces":{"north":{"uv":[0,0,1,8.5],"texture":"#0"},"east":{"uv":[0,0,1,8.5],"texture":"#0"},"south":{"uv":[0,0,1,8.5],"texture":"#0"},"west":{"uv":[0,0,1,8.5],"texture":"#0"},"up":{"uv":[2.5,3.5,3.5,4.5],"texture":"#0"},"down":{"uv":[2.5,3.5,3.5,4.5],"texture":"#0"}}},{"from":[7,-16,7],"to":[9,1,9],"faces":{"north":{"uv":[1,0,2,8.5],"texture":"#0"},"east":{"uv":[1,0,2,8.5],"texture":"#0"},"south":{"uv":[1,0,2,8.5],"texture":"#0"},"west":{"uv":[1,0,2,8.5],"texture":"#0"},"up":{"uv":[2.5,3.5,3.5,4.5],"texture":"#0"},"down":{"uv":[2.5,3.5,3.5,4.5],"texture":"#0"}}},{"from":[6,18,6],"to":[10,24,10],"faces":{"north":{"uv":[2,0,4,3],"texture":"#0"},"east":{"uv":[2,0,4,3],"texture":"#0"},"south":{"uv":[2,0,4,3],"texture":"#0"},"west":{"uv":[2,0,4,3],"texture":"#0"},"up":{"uv":[2,3,4,5],"texture":"#0"},"down":{"uv":[2,3,4,5],"texture":"#0"}}}]}