{"display":{"thirdperson_righthand":{"rotation":[71,0,0],"scale":[0.25,0.25,0.25]},"thirdperson_lefthand":{"rotation":[71,0,0],"scale":[0.25,0.25,0.25]},"firstperson_righthand":{"translation":[1.75,8.5,1.25],"scale":[0.35,0.35,0.36]},"firstperson_lefthand":{"translation":[1.75,8.5,1.25],"scale":[0.35,0.35,0.36]},"ground":{"scale":[0.5,0.5,0.5]},"gui":{"rotation":[30,-158,0],"translation":[-0.25,-2.5,0],"scale":[0.23594,0.23594,0.23594]},"fixed":{"translation":[16,-70,-3],"scale":[4,4,4]}},"texture_size":[128,128],"textures":{"0":"item/mcc_banner"},"elements":[{"from":[2.75,26,7],"to":[13.25,28,9],"rotation":{"angle":0,"axis":"y","origin":[-0.4184,0,4.5408]},"faces":{"north":{"uv":[3.25,0.75,6.5,0.25],"texture":"#0"},"east":{"uv":[7.25,0,7.75,0.5],"texture":"#0"},"south":{"uv":[3.25,0.75,6.5,0.25],"texture":"#0"},"west":{"uv":[7.25,0,7.75,0.5],"texture":"#0"},"up":{"uv":[3.25,0.5,6.5,1],"texture":"#0"},"down":{"uv":[3.25,0,6.5,0.5],"texture":"#0"}}},{"from":[2.75,-8,7],"to":[13.25,-6,9],"rotation":{"angle":0,"axis":"y","origin":[-0.4184,0,4.5408]},"faces":{"north":{"uv":[3.25,0.75,6.5,0.25],"texture":"#0"},"east":{"uv":[7.25,0,7.75,0.5],"texture":"#0"},"south":{"uv":[3.25,0.75,6.5,0.25],"texture":"#0"},"west":{"uv":[7.25,0,7.75,0.5],"texture":"#0"},"up":{"uv":[3.25,0.5,6.5,1],"texture":"#0"},"down":{"uv":[3.25,0,6.5,0.5],"texture":"#0"}}},{"from":[4,28,8],"to":[12,31.75,8],"rotation":{"angle":0,"axis":"y","origin":[1.0816,0,4.5408]},"faces":{"north":{"uv":[3.25,1,5.5,2.125],"texture":"#0"},"east":{"uv":[3.25,1,5.5,2.125],"texture":"#0"},"south":{"uv":[3.25,1,5.5,2.125],"texture":"#0"},"west":{"uv":[3.25,1,5.5,2.125],"texture":"#0"},"up":{"uv":[3.25,1,5.5,2.125],"texture":"#0"},"down":{"uv":[3.25,1,5.5,2.125],"texture":"#0"}}},{"from":[6.8584,-11.9556,8.0268],"to":[8.8584,-7.9556,8.0268],"rotation":{"angle":0,"axis":"y","origin":[1.0816,0,4.5408]},"faces":{"north":{"uv":[5.5,1,6,2.375],"texture":"#0"},"east":{"uv":[5.5,1,6,2.375],"texture":"#0"},"south":{"uv":[5.5,1,6,2.375],"texture":"#0"},"west":{"uv":[5.5,1,6,2.375],"texture":"#0"},"up":{"uv":[5.5,1,6,2.375],"texture":"#0"},"down":{"uv":[5.5,1,6,2.375],"texture":"#0"}}},{"from":[3,-6,8],"to":[13,26,8],"rotation":{"angle":0,"axis":"y","origin":[-0.4184,0,4.5408]},"faces":{"north":{"uv":[0,0,3.25,9.625],"texture":"#0"},"east":{"uv":[0,0,3.25,9.625],"texture":"#0"},"south":{"uv":[0,0,3.25,9.625],"texture":"#0"},"west":{"uv":[0,0,3.25,9.625],"texture":"#0"},"up":{"uv":[0,0,3.25,9.625],"texture":"#0"},"down":{"uv":[0,0,3.25,9.625],"texture":"#0"}}}]}