{"mcc.ost.parkour_warrior":{"category":"voice","sounds":["parkour_warrior"]},"mcc.ost.overtime_intro":{"category":"voice","sounds":["overtime_intro"]},"mcc.ost.overtime_loop":{"category":"voice","sounds":["overtime_loop"]},"mcc.ost.aftermath":{"category":"voice","sounds":["aftermath"]},"mcc.ost.outro":{"category":"voice","sounds":["outro"]},"mcc.fx.squishy":{"category":"record","sounds":["squishy/squish1","squishy/squish2","squishy/squish3","squishy/squish4"]},"mcc.fx.button":{"category":"record","sounds":["button1","button2"]},"mcc.fx.intro":{"category":"record","sounds":["intro"]},"mcc.fx.countdown_low":{"category":"record","sounds":["countdown_low"]},"mcc.fx.countdown_high":{"category":"record","sounds":["countdown_high"]},"mcc.fx.countdown_release":{"category":"record","sounds":["countdown_release"]},"mcc.fx.fail":{"category":"record","sounds":["fail"]},"mcc.fx.complete":{"category":"record","sounds":["complete"]},"mcc.fx.click":{"category":"record","sounds":["click"]},"mcc.fx.end":{"category":"record","sounds":["end"]},"mcc.fx.coins":{"category":"record","sounds":["coins"]},"mcc.fx.score_regular":{"category":"record","sounds":["score_regular"]},"mcc.fx.score_big":{"category":"record","sounds":["score_big"]},"mcc.fx.alert":{"category":"record","sounds":["alert"]},"mcc.fx.jump_pad":{"category":"record","sounds":["jumppad"]},"mcc.game.title":{"category":"record","sounds":["title"]},"mcc.game.scroll":{"category":"record","sounds":["scroll"]},"mcc.game.course_finish":{"category":"record","sounds":["course_finish"]},"block.chest.open":{"replace":true,"category":"record","sounds":["click"]},"block.chest.close":{"replace":true,"category":"record","sounds":["click"]},"entity.player.hurt":{"replace":true},"block.portal.ambient":{"replace":true},"block.portal.travel":{"replace":true},"block.portal.trigger":{"replace":true},"block.campfire.crackle":{"replace":true},"item.totem.use":{"replace":true},"item.armor.equip_leather":{"replace":true}}