{"credit":"By Luna. A. F. (aka Lighted Technology) - MCC Assets","texture_size":[32,32],"textures":{"0":"item/hat_rainbow","particle":"item/hat_rainbow"},"elements":[{"from":[-5,0,8],"to":[21,14,8],"faces":{"north":{"uv":[0,0,13,7],"texture":"#0"},"east":{"uv":[0,0,0,7],"texture":"#missing"},"south":{"uv":[13,0,0,7],"texture":"#0"},"west":{"uv":[0,0,0,7],"texture":"#missing"},"up":{"uv":[0,0,13,0],"texture":"#missing"},"down":{"uv":[0,0,13,0],"texture":"#missing"}}},{"from":[-3,-2,5.5],"to":[1,2,10.5],"faces":{"north":{"uv":[2,7.5,4,9.5],"texture":"#0"},"east":{"uv":[4.5,7.5,7,9.5],"texture":"#0"},"south":{"uv":[2,7.5,4,9.5],"texture":"#0"},"west":{"uv":[4.5,7.5,7,9.5],"texture":"#0"},"up":{"uv":[4.5,7.5,7,8],"texture":"#0"},"down":{"uv":[4.5,9,7,9.5],"texture":"#0"}}},{"from":[0.5,-1.5,6.25],"to":[3.5,1.5,9.25],"faces":{"north":{"uv":[0,8,1.5,9.5],"texture":"#0"},"east":{"uv":[0,8,1.5,9.5],"texture":"#0"},"south":{"uv":[0,8,1.5,9.5],"texture":"#0"},"west":{"uv":[0,8,1.5,9.5],"texture":"#0"},"up":{"uv":[0,8,0.5,8.5],"texture":"#0"},"down":{"uv":[1.5,9,0,9.5],"texture":"#0"}}},{"from":[-6,-1.75,4.5],"to":[-3,1.25,7.5],"faces":{"north":{"uv":[9.5,8,11,9.5],"texture":"#0"},"east":{"uv":[0,8,1.5,9.5],"texture":"#0"},"south":{"uv":[9.5,8,11,9.5],"texture":"#0"},"west":{"uv":[7.5,8,9,9.5],"texture":"#0"},"up":{"uv":[0,8,0.5,8.5],"texture":"#0"},"down":{"uv":[1.5,9,0,9.5],"texture":"#0"}}},{"from":[-6,-1.5,8.5],"to":[-3,1.5,11.5],"faces":{"north":{"uv":[9.5,10,11,11.5],"texture":"#0"},"east":{"uv":[9.5,10,11,11.5],"texture":"#0"},"south":{"uv":[9.5,10,11,11.5],"texture":"#0"},"west":{"uv":[9.5,10,11,11.5],"texture":"#0"},"up":{"uv":[10.5,10,11,10.5],"texture":"#0"},"down":{"uv":[9.5,11,11,11.5],"texture":"#0"}}},{"from":[15,-2,5.5],"to":[19,2,10.5],"faces":{"north":{"uv":[2,7.5,4,9.5],"texture":"#0"},"east":{"uv":[4.5,7.5,7,9.5],"texture":"#0"},"south":{"uv":[2,7.5,4,9.5],"texture":"#0"},"west":{"uv":[4.5,7.5,7,9.5],"texture":"#0"},"up":{"uv":[4.5,7.5,7,8],"texture":"#0"},"down":{"uv":[4.5,9,7,9.5],"texture":"#0"}}},{"from":[12.5,-1.5,6.25],"to":[15.5,1.5,9.25],"faces":{"north":{"uv":[0,8,1.5,9.5],"texture":"#0"},"east":{"uv":[0,8,1.5,9.5],"texture":"#0"},"south":{"uv":[0,8,1.5,9.5],"texture":"#0"},"west":{"uv":[0,8,1.5,9.5],"texture":"#0"},"up":{"uv":[0,8,0.5,8.5],"texture":"#0"},"down":{"uv":[1.5,9,0,9.5],"texture":"#0"}}},{"from":[19,-1.75,4.5],"to":[22,1.25,7.5],"faces":{"north":{"uv":[9.5,8,11,9.5],"texture":"#0"},"east":{"uv":[0,8,1.5,9.5],"texture":"#0"},"south":{"uv":[9.5,8,11,9.5],"texture":"#0"},"west":{"uv":[7.5,8,9,9.5],"texture":"#0"},"up":{"uv":[0,8,0.5,8.5],"texture":"#0"},"down":{"uv":[1.5,9,0,9.5],"texture":"#0"}}},{"from":[19,-1.5,8.5],"to":[22,1.5,11.5],"faces":{"north":{"uv":[9.5,10,11,11.5],"texture":"#0"},"east":{"uv":[9.5,10,11,11.5],"texture":"#0"},"south":{"uv":[9.5,10,11,11.5],"texture":"#0"},"west":{"uv":[9.5,10,11,11.5],"texture":"#0"},"up":{"uv":[10.5,10,11,10.5],"texture":"#0"},"down":{"uv":[9.5,11,11,11.5],"texture":"#0"}}}],"gui_light":"front","display":{"gui":{"scale":[0,0,0]},"head":{"translation":[0,11,0],"scale":[1.6,1.6,1.6]},"fixed":{"rotation":[-90,0,0]}}}