{"credit":"Made with Blockbench","textures":{"0":"item/hat_flowers","particle":"item/hat_flowers"},"elements":[{"from":[3,5,3],"to":[13,8,13],"rotation":{"angle":0,"axis":"x","origin":[8.5,4.5,8.5]},"faces":{"north":{"uv":[10,13,0,16],"texture":"#0","tintindex":0},"east":{"uv":[10,13,0,16],"texture":"#0","tintindex":0},"south":{"uv":[10,13,0,16],"texture":"#0","tintindex":0},"west":{"uv":[10,13,0,16],"texture":"#0","tintindex":0},"up":{"uv":[10,14,0,13],"texture":"#0","tintindex":0},"down":{"uv":[10,14,0,13],"texture":"#0","tintindex":0}}},{"from":[2.5,4.45,2.5],"to":[13.5,9.45,13.5],"rotation":{"angle":0,"axis":"x","origin":[8.5,4.5,8.5]},"faces":{"north":{"uv":[11,5,0,10],"texture":"#0","tintindex":0},"east":{"uv":[0,0,11,5],"texture":"#0","tintindex":0},"south":{"uv":[11,5,0,10],"texture":"#0","tintindex":0},"west":{"uv":[0,0,11,5],"texture":"#0","tintindex":0},"up":{"uv":[0,10,0,11],"texture":"#0","tintindex":0},"down":{"uv":[0,10,0,11],"texture":"#0","tintindex":0}}},{"from":[-0.75,3.95,15.5],"to":[3.25,8.95,15.5],"rotation":{"angle":-45,"axis":"y","origin":[4.5,6.95,16.5]},"faces":{"north":{"uv":[14,0,11,4],"texture":"#0","tintindex":0},"east":{"uv":[14,0,11,4],"texture":"#0","tintindex":0},"south":{"uv":[14,0,11,4],"texture":"#0","tintindex":0},"west":{"uv":[14,0,11,4],"texture":"#0","tintindex":0},"up":{"uv":[14,0,11,4],"texture":"#0","tintindex":0},"down":{"uv":[14,0,11,4],"texture":"#0","tintindex":0}}},{"from":[12.75,3.95,0.25],"to":[16.75,8.95,0.25],"rotation":{"angle":-45,"axis":"y","origin":[11.5,6.95,-0.5]},"faces":{"north":{"uv":[14,0,11,4],"texture":"#0","tintindex":0},"east":{"uv":[14,0,11,4],"texture":"#0","tintindex":0},"south":{"uv":[14,0,11,4],"texture":"#0","tintindex":0},"west":{"uv":[14,0,11,4],"texture":"#0","tintindex":0},"up":{"uv":[14,0,11,4],"texture":"#0","tintindex":0},"down":{"uv":[14,0,11,4],"texture":"#0","tintindex":0}}},{"from":[3.75,3.5,3.75],"to":[3.75,8.5,6.75],"rotation":{"angle":-45,"axis":"z","origin":[2,7.5,7.5]},"faces":{"north":{"uv":[16,16,13,12],"texture":"#0","tintindex":0},"east":{"uv":[16,16,13,12],"texture":"#0","tintindex":0},"south":{"uv":[16,16,13,12],"texture":"#0","tintindex":0},"west":{"uv":[16,16,13,12],"texture":"#0","tintindex":0},"up":{"uv":[16,16,13,12],"texture":"#0","tintindex":0},"down":{"uv":[16,16,13,12],"texture":"#0","tintindex":0}}},{"from":[12.25,3.5,7.25],"to":[12.25,8.5,10.25],"rotation":{"angle":45,"axis":"z","origin":[14,7.5,8.5]},"faces":{"north":{"uv":[16,16,13,12],"texture":"#0","tintindex":0},"east":{"uv":[16,16,13,12],"texture":"#0","tintindex":0},"south":{"uv":[16,16,13,12],"texture":"#0","tintindex":0},"west":{"uv":[16,16,13,12],"texture":"#0","tintindex":0},"up":{"uv":[16,16,13,12],"texture":"#0","tintindex":0},"down":{"uv":[16,16,13,12],"texture":"#0","tintindex":0}}},{"from":[8.25,-0.41574,3.88236],"to":[11.25,4.58426,3.88236],"rotation":{"angle":45,"axis":"x","origin":[8,5.2019,7]},"faces":{"north":{"uv":[16,16,13,12],"texture":"#0","tintindex":0},"east":{"uv":[16,16,13,12],"texture":"#0","tintindex":0},"south":{"uv":[16,16,13,12],"texture":"#0","tintindex":0},"west":{"uv":[16,16,13,12],"texture":"#0","tintindex":0},"up":{"uv":[16,16,13,12],"texture":"#0","tintindex":0},"down":{"uv":[16,16,13,12],"texture":"#0","tintindex":0}}},{"from":[4.75,-1.41574,11.11764],"to":[7.75,3.58426,11.11764],"rotation":{"angle":-45,"axis":"x","origin":[8,5.2019,7]},"faces":{"north":{"uv":[16,16,13,12],"texture":"#0","tintindex":0},"east":{"uv":[16,16,13,12],"texture":"#0","tintindex":0},"south":{"uv":[16,16,13,12],"texture":"#0","tintindex":0},"west":{"uv":[16,16,13,12],"texture":"#0","tintindex":0},"up":{"uv":[16,16,13,12],"texture":"#0","tintindex":0},"down":{"uv":[16,16,13,12],"texture":"#0","tintindex":0}}},{"name":"cube inverted","from":[13.5,9.45,13.5],"to":[2.5,4.45,2.5],"rotation":{"angle":0,"axis":"x","origin":[8.5,4.5,8.5]},"faces":{"north":{"uv":[11,10,0,5],"texture":"#0","tintindex":0},"east":{"uv":[0,5,11,0],"texture":"#0","tintindex":0},"south":{"uv":[11,10,0,5],"texture":"#0","tintindex":0},"west":{"uv":[0,5,11,0],"texture":"#0","tintindex":0},"up":{"uv":[0,10,0,11],"texture":"#0","tintindex":0},"down":{"uv":[0,10,0,11],"texture":"#0","tintindex":0}}},{"name":"cube inverted","from":[13,8,13],"to":[3,5,3],"rotation":{"angle":0,"axis":"x","origin":[8.5,4.5,8.5]},"faces":{"north":{"uv":[10,16,0,13],"texture":"#0","tintindex":0},"east":{"uv":[10,16,0,13],"texture":"#0","tintindex":0},"south":{"uv":[10,16,0,13],"texture":"#0","tintindex":0},"west":{"uv":[10,16,0,13],"texture":"#0","tintindex":0},"up":{"uv":[10,14,0,13],"texture":"#0","tintindex":0},"down":{"uv":[10,14,0,13],"texture":"#0","tintindex":0}}}],"gui_light":"front","display":{"gui":{"scale":[0,0,0]},"head":{"translation":[0,5.5,0],"scale":[1.6,1.6,1.6]}}}