{"credit":"Made with Blockbench","texture_size":[32,32],"textures":{"0":"item/hat_elegant","particle":"item/hat_elegant"},"elements":[{"from":[-2.00317,1.25,-2.15173],"to":[17.99683,1.25,17.84827],"rotation":{"angle":0,"axis":"y","origin":[7.92255,2.25,7.92572]},"faces":{"north":{"uv":[5.75,6.75,5.875,6.875],"texture":"#missing","tintindex":0},"east":{"uv":[5.75,6.75,5.875,6.875],"texture":"#missing","tintindex":0},"south":{"uv":[5.75,6.75,5.875,6.875],"texture":"#missing","tintindex":0},"west":{"uv":[5.75,6.75,5.875,6.875],"texture":"#missing","tintindex":0},"up":{"uv":[0,0,10,10],"rotation":90,"texture":"#0","tintindex":0},"down":{"uv":[0,0,10,10],"rotation":90,"texture":"#0","tintindex":0}}},{"from":[3.02984,1.25,2.17348],"to":[13.02984,7.25,2.17348],"rotation":{"angle":45,"axis":"y","origin":[7.92255,2.25,7.92572]},"faces":{"north":{"uv":[10,0,15,3],"texture":"#0","tintindex":0},"east":{"uv":[3.875,0.75,5.125,1.25],"texture":"#missing","tintindex":0},"south":{"uv":[10,0,15,3],"texture":"#0","tintindex":0},"west":{"uv":[3.875,0.75,5.125,1.25],"texture":"#missing","tintindex":0},"up":{"uv":[9.625,6.5,11.625,8.5],"texture":"#missing","tintindex":0},"down":{"uv":[9.625,6.5,11.625,8.5],"texture":"#missing","tintindex":0}}},{"from":[5.52166,1.5,-2.56239],"to":[8.52166,1.5,3.43761],"rotation":{"angle":22.5,"axis":"y","origin":[7.92255,2.25,7.92572]},"faces":{"north":{"uv":[14.5,3.5,16,6.5],"texture":"#0","tintindex":0},"east":{"uv":[14.5,3.5,16,6.5],"texture":"#0","tintindex":0},"south":{"uv":[14.5,3.5,16,6.5],"texture":"#0","tintindex":0},"west":{"uv":[14.5,3.5,16,6.5],"texture":"#0","tintindex":0},"up":{"uv":[14.5,3.5,16,6.5],"texture":"#0","tintindex":0},"down":{"uv":[14.5,3.5,16,6.5],"rotation":180,"texture":"#0","tintindex":0}}},{"from":[-2.32003,1.5,6.20719],"to":[3.67997,1.5,9.20719],"rotation":{"angle":-22.5,"axis":"y","origin":[7.92255,2.25,7.92572]},"faces":{"north":{"uv":[14.5,3.5,16,6.5],"rotation":270,"texture":"#0","tintindex":0},"east":{"uv":[14.5,3.5,16,6.5],"rotation":270,"texture":"#0","tintindex":0},"south":{"uv":[14.5,3.5,16,6.5],"rotation":270,"texture":"#0","tintindex":0},"west":{"uv":[14.5,3.5,16,6.5],"rotation":270,"texture":"#0","tintindex":0},"up":{"uv":[14.5,3.5,16,6.5],"rotation":270,"texture":"#0","tintindex":0},"down":{"uv":[14.5,3.5,16,6.5],"rotation":270,"texture":"#0","tintindex":0}}},{"from":[3.99683,1.25,3.84827],"to":[11.99683,5.25,11.84827],"rotation":{"angle":0,"axis":"y","origin":[7.92255,2.25,7.92572]},"faces":{"north":{"uv":[10.5,3.5,14.5,5.5],"texture":"#0","tintindex":0},"east":{"uv":[10.5,3.5,14.5,5.5],"texture":"#0","tintindex":0},"south":{"uv":[10.5,3.5,14.5,5.5],"texture":"#0","tintindex":0},"west":{"uv":[10.5,3.5,14.5,5.5],"texture":"#0","tintindex":0},"up":{"uv":[10.5,9.5,14.5,13.5],"rotation":90,"texture":"#0","tintindex":0},"down":{"uv":[10.5,5.5,14.5,9.5],"rotation":90,"texture":"#0"}}}],"gui_light":"front","display":{"gui":{"scale":[0,0,0]},"head":{"translation":[0,13.25,0.25],"scale":[1.9,1.9,1.9]}}}