{"credit":"Made with Blockbench","texture_size":[32,32],"textures":{"0":"item/hat_samurai","particle":"item/hat_samurai"},"elements":[{"from":[2,-1.5,4.75],"to":[14,8.5,4.75],"rotation":{"angle":22.5,"axis":"x","origin":[0,-0.5,0.75]},"faces":{"north":{"uv":[1,5,6,8.5],"texture":"#0"},"east":{"uv":[0,6.375,1.25,7],"texture":"#missing"},"south":{"uv":[1,5,6,8.5],"texture":"#0"},"west":{"uv":[0,6.375,1.25,7],"texture":"#missing"},"up":{"uv":[1.25,6.375,2.5,7.625],"texture":"#missing"},"down":{"uv":[3.75,0,5,1.25],"texture":"#missing"}}},{"from":[2,-8.95461,4.06283],"to":[14,-2.95461,4.06283],"rotation":{"angle":0,"axis":"x","origin":[0,-11.95461,0.06283]},"faces":{"north":{"uv":[1,8.5,6,11.5],"texture":"#0"},"east":{"uv":[0,6.375,1.25,7],"texture":"#missing"},"south":{"uv":[1,8.5,6,11.5],"texture":"#0"},"west":{"uv":[0,6.375,1.25,7],"texture":"#missing"},"up":{"uv":[1.25,6.375,2.5,7.625],"texture":"#missing"},"down":{"uv":[3.75,0,5,1.25],"texture":"#missing"}}},{"from":[3,-5.72312,13.58731],"to":[13,4.27688,13.58731],"rotation":{"angle":-22.5,"axis":"x","origin":[8,2.77688,9.33731]},"faces":{"north":{"uv":[7,0,12,5.5],"texture":"#0"},"east":{"uv":[0.25,8,0,9.125],"texture":"#missing","tintindex":0},"south":{"uv":[7,0,12,5.5],"texture":"#0"},"west":{"uv":[0,8,0.25,9.125],"texture":"#missing","tintindex":0},"up":{"uv":[3.125,5.875,3.25,6],"texture":"#missing","tintindex":0},"down":{"uv":[3.125,5.875,3.25,6],"texture":"#missing","tintindex":0}}},{"from":[1,7,2.5],"to":[15,16,2.5],"faces":{"north":{"uv":[0,0.5,7,5],"texture":"#0"},"east":{"uv":[1.25,0.5,2.5,2],"texture":"#missing"},"south":{"uv":[0,0.5,7,5],"texture":"#0"},"west":{"uv":[1.25,0.5,2.5,2],"texture":"#missing"},"up":{"uv":[2.5,1.25,3.75,0],"texture":"#missing"},"down":{"uv":[3.75,0,5,1.25],"texture":"#missing"}}},{"from":[-1,7,2.75],"to":[3,12,2.75],"rotation":{"angle":22.5,"axis":"z","origin":[8,9.5,8]},"faces":{"north":{"uv":[12.5,3.5,14.5,6],"texture":"#0"},"east":{"uv":[1.25,0.5,2.5,2],"texture":"#missing","tintindex":0},"south":{"uv":[12.5,3.5,14.5,6],"texture":"#0"},"west":{"uv":[1.25,0.5,2.5,2],"texture":"#missing","tintindex":0},"up":{"uv":[2.5,1.25,3.75,0],"texture":"#missing","tintindex":0},"down":{"uv":[3.75,0,5,1.25],"texture":"#missing","tintindex":0}}},{"from":[13,7,2.75],"to":[17,12,2.75],"rotation":{"angle":-22.5,"axis":"z","origin":[8,9.5,8]},"faces":{"north":{"uv":[12.5,3.5,14.5,6],"texture":"#0"},"east":{"uv":[2.5,0.5,1.25,2],"texture":"#missing","tintindex":0},"south":{"uv":[12.5,3.5,14.5,6],"texture":"#0"},"west":{"uv":[2.5,0.5,1.25,2],"texture":"#missing","tintindex":0},"up":{"uv":[3.75,1.25,2.5,0],"texture":"#missing","tintindex":0},"down":{"uv":[5,0,3.75,1.25],"texture":"#missing","tintindex":0}}},{"from":[2.41269,-5.72312,3],"to":[2.41269,4.27688,13],"rotation":{"angle":-22.5,"axis":"z","origin":[6.66269,2.77688,8]},"faces":{"north":{"uv":[0,8,0.25,9.125],"texture":"#missing","tintindex":0},"east":{"uv":[7,0,12,5.5],"texture":"#0"},"south":{"uv":[0.25,8,0,9.125],"texture":"#missing","tintindex":0},"west":{"uv":[7,0,12,5.5],"texture":"#0"},"up":{"uv":[0.625,5.875,0.5,6],"texture":"#missing","tintindex":0},"down":{"uv":[0.625,5.875,0.5,6],"texture":"#missing","tintindex":0}}},{"from":[13.58731,-5.72312,3],"to":[13.58731,4.27688,13],"rotation":{"angle":22.5,"axis":"z","origin":[9.33731,2.77688,8]},"faces":{"north":{"uv":[0.25,8,0,9.125],"texture":"#missing","tintindex":0},"east":{"uv":[7,0,12,5.5],"texture":"#0"},"south":{"uv":[0,8,0.25,9.125],"texture":"#missing","tintindex":0},"west":{"uv":[7,0,12,5.5],"texture":"#0"},"up":{"uv":[0.5,5.875,0.625,6],"texture":"#missing","tintindex":0},"down":{"uv":[0.5,5.875,0.625,6],"texture":"#missing","tintindex":0}}},{"from":[2.9,4.65,2.9],"to":[13.1,9.85,13.1],"faces":{"north":{"uv":[7,10.5,12,13],"texture":"#0"},"east":{"uv":[7,10.5,12,13],"texture":"#0"},"south":{"uv":[7,10.5,12,13],"texture":"#0"},"west":{"uv":[7,10.5,12,13],"texture":"#0"},"up":{"uv":[7,5.5,12,10.5],"texture":"#0"},"down":{"uv":[0,0,0,0],"texture":"#0"}}},{"from":[3,5.5,-2],"to":[13,5.5,2],"rotation":{"angle":-45,"axis":"x","origin":[8,7,3]},"faces":{"north":{"uv":[0,0.5,1.25,2],"texture":"#missing"},"east":{"uv":[1.25,0.5,2.5,2],"texture":"#missing"},"south":{"uv":[1.25,0.5,2.5,2],"texture":"#missing"},"west":{"uv":[1.25,0.5,2.5,2],"texture":"#missing"},"up":{"uv":[7,13.5,12,15.5],"texture":"#0"},"down":{"uv":[7,13.5,12,15.5],"texture":"#0"}}}],"gui_light":"front","display":{"gui":{"scale":[0,0,0]},"head":{"translation":[0,7.75,0],"scale":[1.5,1.5,1.5]}}}