{"credit":"Made with Blockbench","texture_size":[32,32],"textures":{"0":"item/hat_witch","particle":"item/hat_witch"},"elements":[{"from":[3.5,5,3.5],"to":[12.5,10,12.5],"rotation":{"angle":0,"axis":"y","origin":[-0.5,0,-1.5]},"faces":{"north":{"uv":[0,0.5,4.5,3],"texture":"#0","tintindex":0},"east":{"uv":[0,0.5,4.5,3],"texture":"#0","tintindex":0},"south":{"uv":[0,0.5,4.5,3],"texture":"#0","tintindex":0},"west":{"uv":[0,0.5,4.5,3],"texture":"#0","tintindex":0},"up":{"uv":[12.5,0,16,3.5],"texture":"#0","tintindex":0},"down":{"uv":[10,10,14.5,14.5],"texture":"#0","tintindex":0}}},{"from":[4.5,9.9,4.5],"to":[11.5,14.9,11.5],"rotation":{"angle":0,"axis":"x","origin":[8,9.25,7.75]},"faces":{"north":{"uv":[4.5,0,8,2.5],"texture":"#0","tintindex":0},"east":{"uv":[4.5,0,8,2.5],"texture":"#0","tintindex":0},"south":{"uv":[4.5,0,8,2.5],"texture":"#0","tintindex":0},"west":{"uv":[4.5,0,8,2.5],"texture":"#0","tintindex":0},"up":{"uv":[12.5,0,16,3.5],"texture":"#0","tintindex":0},"down":{"uv":[6.875,3.375,7,3.5],"texture":"#missing","tintindex":0}}},{"from":[6.07727,13.75,4.5],"to":[10.07727,19.75,8.5],"rotation":{"angle":22.5,"axis":"x","origin":[8.57727,9.25,7.75]},"faces":{"north":{"uv":[2,3,4,5.5],"texture":"#0","tintindex":0},"east":{"uv":[2,3,0,5.5],"texture":"#0","tintindex":0},"south":{"uv":[4,3,6,5.5],"texture":"#0","tintindex":0},"west":{"uv":[0,3,2,5.5],"texture":"#0","tintindex":0},"up":{"uv":[6,3,8,5],"texture":"#0","tintindex":0},"down":{"uv":[6.875,3.375,7,3.5],"texture":"#missing","tintindex":0}}},{"from":[8.07727,14.75,4.5],"to":[8.07727,20.75,14.5],"rotation":{"angle":22.5,"axis":"x","origin":[8.57727,9.25,7.75]},"faces":{"north":{"uv":[0.5,6,1,6.625],"texture":"#missing","tintindex":0},"east":{"uv":[12.5,0,8,3.5],"texture":"#0","tintindex":0},"south":{"uv":[1,6,1.5,6.625],"texture":"#missing","tintindex":0},"west":{"uv":[8,0,12.5,3.5],"texture":"#0","tintindex":0},"up":{"uv":[4.125,5.25,5,6.125],"texture":"#missing","tintindex":0},"down":{"uv":[13,2.875,14.125,4],"texture":"#missing","tintindex":0}}},{"from":[0.5,5,0.5],"to":[15.5,5,15.5],"rotation":{"angle":0,"axis":"y","origin":[0.5,0,-1.5]},"faces":{"north":{"uv":[2.125,7.875,4.75,8.125],"texture":"#missing","tintindex":0},"east":{"uv":[2.125,7.875,4.75,8.125],"texture":"#missing","tintindex":0},"south":{"uv":[2.125,7.875,4.75,8.125],"texture":"#missing","tintindex":0},"west":{"uv":[2.125,7.875,4.75,8.125],"texture":"#missing","tintindex":0},"up":{"uv":[0,5.5,7.5,13],"texture":"#0","tintindex":0},"down":{"uv":[8.5,8.5,16,16],"rotation":90,"texture":"#0","tintindex":0}}},{"from":[0.5,-2.27299,0.93621],"to":[15.5,-2.27299,3.93621],"rotation":{"angle":-22.5,"axis":"x","origin":[-2.5,-7.27299,-16.06379]},"faces":{"north":{"uv":[2.125,7.875,4.75,8.125],"texture":"#missing","tintindex":0},"east":{"uv":[2.125,7.875,4.75,8.125],"texture":"#missing","tintindex":0},"south":{"uv":[2.125,7.875,4.75,8.125],"texture":"#missing","tintindex":0},"west":{"uv":[2.125,7.875,4.75,8.125],"texture":"#missing","tintindex":0},"up":{"uv":[0,13,7.5,14.5],"texture":"#0","tintindex":0},"down":{"uv":[7.5,16,0,14.5],"texture":"#0","tintindex":0}}},{"from":[0.5,-2.27299,12.06379],"to":[15.5,-2.27299,15.06379],"rotation":{"angle":22.5,"axis":"x","origin":[-2.5,-7.27299,32.06379]},"faces":{"north":{"uv":[4.5,12.5,0,16],"texture":"#0","tintindex":0},"east":{"uv":[4.5,12.5,0,16],"texture":"#0","tintindex":0},"south":{"uv":[4.5,12.5,0,16],"texture":"#0","tintindex":0},"west":{"uv":[4.5,12.5,0,16],"texture":"#0","tintindex":0},"up":{"uv":[0,14.5,7.5,13],"texture":"#0","tintindex":0},"down":{"uv":[7.5,14.5,0,16],"texture":"#0","tintindex":0}}},{"from":[-1.70907,7.82636,0.5],"to":[1.29093,7.82636,15.5],"rotation":{"angle":22.5,"axis":"z","origin":[8,4.42605,8]},"faces":{"north":{"uv":[4.75,7.875,2.125,8.125],"texture":"#missing","tintindex":0},"east":{"uv":[4.75,7.875,2.125,8.125],"texture":"#missing","tintindex":0},"south":{"uv":[4.75,7.875,2.125,8.125],"texture":"#missing","tintindex":0},"west":{"uv":[4.75,7.875,2.125,8.125],"texture":"#missing","tintindex":0},"up":{"uv":[7.5,14.5,0,13],"rotation":90,"texture":"#0","tintindex":0},"down":{"uv":[0,16,7.5,14.5],"rotation":90,"texture":"#0","tintindex":0}}},{"from":[14.70907,7.82636,0.5],"to":[17.70907,7.82636,15.5],"rotation":{"angle":-22.5,"axis":"z","origin":[8,4.42605,8]},"faces":{"north":{"uv":[2.125,7.875,4.75,8.125],"texture":"#missing","tintindex":0},"east":{"uv":[2.125,7.875,4.75,8.125],"texture":"#missing","tintindex":0},"south":{"uv":[2.125,7.875,4.75,8.125],"texture":"#missing","tintindex":0},"west":{"uv":[2.125,7.875,4.75,8.125],"texture":"#missing","tintindex":0},"up":{"uv":[0,13,7.5,14.5],"rotation":90,"texture":"#0","tintindex":0},"down":{"uv":[7.5,14.5,0,16],"rotation":90,"texture":"#0","tintindex":0}}}],"gui_light":"front","display":{"gui":{"rotation":[32,-135,0],"translation":[0,-0.75,0],"scale":[0,0,0]},"head":{"rotation":[14,0,0],"translation":[0,7.25,1],"scale":[1.59,1.59,1.59]}}}