{"credit":"Made with Blockbench","textures":{"0":"item/item_broom","particle":"item/item_broom"},"elements":[{"from":[7,12,7],"to":[9,28,9],"rotation":{"angle":0,"axis":"y","origin":[8,-0.5,8]},"faces":{"north":{"uv":[14,0,16,16],"texture":"#0"},"east":{"uv":[14,0,16,16],"texture":"#0"},"south":{"uv":[14,0,16,16],"texture":"#0"},"west":{"uv":[14,0,16,16],"texture":"#0"},"up":{"uv":[14,0,16,2],"texture":"#0"},"down":{"uv":[14,0,16,16],"texture":"#0"}}},{"from":[4.5,0,4.5],"to":[11.5,9,11.5],"rotation":{"angle":0,"axis":"y","origin":[8.5,-0.5,7.5]},"faces":{"north":{"uv":[0,7,7,16],"texture":"#0"},"east":{"uv":[0,7,7,16],"texture":"#0"},"south":{"uv":[0,7,7,16],"texture":"#0"},"west":{"uv":[0,7,7,16],"texture":"#0"},"up":{"uv":[0,0,7,7],"texture":"#0"},"down":{"uv":[11,0,14,3],"texture":"#0"}}},{"from":[4.5,2,4.5],"to":[11.5,2,11.5],"rotation":{"angle":0,"axis":"y","origin":[8.5,-0.5,7.5]},"faces":{"north":{"uv":[0,12.375,0.875,13.5],"texture":"#missing"},"east":{"uv":[0,12.375,0.875,13.5],"texture":"#missing"},"south":{"uv":[0,12.375,0.875,13.5],"texture":"#missing"},"west":{"uv":[0,12.375,0.875,13.5],"texture":"#missing"},"up":{"uv":[7,9,14,16],"texture":"#0"},"down":{"uv":[7,9,14,16],"texture":"#0"}}},{"from":[6,8,6],"to":[10,12,10],"rotation":{"angle":0,"axis":"y","origin":[8,-0.5,7]},"faces":{"north":{"uv":[7,0,11,4],"texture":"#0"},"east":{"uv":[7,0,11,4],"texture":"#0"},"south":{"uv":[7,0,11,4],"texture":"#0"},"west":{"uv":[7,0,11,4],"texture":"#0"},"up":{"uv":[7,4,11,8],"texture":"#0"},"down":{"uv":[15.125,0,14.875,0.25],"texture":"#missing"}}},{"from":[5.9,8.9,5.9],"to":[10.1,10.1,10.1],"rotation":{"angle":0,"axis":"y","origin":[8,-0.5,7]},"faces":{"north":{"uv":[7,8,11,9],"texture":"#0"},"east":{"uv":[7,8,11,9],"texture":"#0"},"south":{"uv":[7,8,11,9],"texture":"#0"},"west":{"uv":[7,8,11,9],"texture":"#0"},"up":{"uv":[7,8,11,9],"texture":"#0"},"down":{"uv":[7,8,11,9],"texture":"#0"}}},{"name":"cube inverted","from":[11.5,9,11.5],"to":[4.5,0,4.5],"rotation":{"angle":0,"axis":"y","origin":[8.5,-0.5,7.5]},"faces":{"north":{"uv":[7,16,0,7],"texture":"#0"},"east":{"uv":[7,16,0,7],"texture":"#0"},"south":{"uv":[7,16,0,7],"texture":"#0"},"west":{"uv":[7,16,0,7],"texture":"#0"},"up":{"uv":[11,0,14,3],"texture":"#0"},"down":{"uv":[0,0,7,7],"texture":"#0"}}}],"gui_light":"front","display":{"thirdperson_righthand":{"translation":[0,-8.5,0],"scale":[0,0,0]},"thirdperson_lefthand":{"translation":[0,-8.5,0],"scale":[0.75,0.75,0.75]},"firstperson_righthand":{"translation":[3.5,-4,0],"scale":[0.75,0.75,0.75]},"firstperson_lefthand":{"translation":[3.5,-4,0],"scale":[0.75,0.75,0.75]},"ground":{"scale":[0,0,0]},"gui":{"scale":[0,0,0]}}}