{"credit":"Made with Blockbench","textures":{"0":"item/item_popsicle","particle":"item/item_popsicle"},"elements":[{"from":[5,5,7],"to":[11,15,9],"rotation":{"angle":0,"axis":"z","origin":[8,7.5,8]},"faces":{"north":{"uv":[0,2,6,12],"texture":"#0","tintindex":0},"east":{"uv":[8,2,6,12],"texture":"#0","tintindex":0},"south":{"uv":[0,2,6,12],"texture":"#0","tintindex":0},"west":{"uv":[6,2,8,12],"texture":"#0","tintindex":0},"up":{"uv":[0,0,6,2],"texture":"#0","tintindex":0},"down":{"uv":[0,12,6,14],"texture":"#0","tintindex":0}}},{"from":[7,0,7.5],"to":[9,10,8.5],"rotation":{"angle":0,"axis":"z","origin":[8,7.5,8]},"faces":{"north":{"uv":[8,2,10,12],"texture":"#0"},"east":{"uv":[10,2,11,12],"texture":"#0"},"south":{"uv":[8,2,10,12],"texture":"#0"},"west":{"uv":[10,2,11,12],"texture":"#0"},"up":{"uv":[8,2,12,3],"texture":"#0","tintindex":0},"down":{"uv":[8,11,12,12],"texture":"#0","tintindex":0}}}],"gui_light":"front","display":{"thirdperson_righthand":{"rotation":[0,-19,0],"translation":[0,3.25,0],"scale":[0.5,0.5,0.5]},"thirdperson_lefthand":{"rotation":[0,-19,0],"translation":[0,3.25,0],"scale":[0.5,0.5,0.5]},"firstperson_righthand":{"rotation":[0,-18,3],"translation":[1.75,4.5,0],"scale":[0.75,0.75,0.75]},"firstperson_lefthand":{"rotation":[0,-18,3],"translation":[1.75,4.5,0],"scale":[0.75,0.75,0.75]},"ground":{"scale":[0,0,0]},"gui":{"rotation":[-27,-33,-53],"scale":[0,0,0]}}}