{"credit":"Made with Blockbench","ambientocclusion":false,"texture_size":[32,32],"textures":{"0":"item/item_umbrella","particle":"item/item_umbrella"},"elements":[{"from":[7,-16,7],"to":[9,19,9],"rotation":{"angle":0,"axis":"y","origin":[9,15,6.875]},"faces":{"north":{"uv":[8.5,0,8,7.75],"texture":"#0"},"east":{"uv":[8.5,0,8,7.75],"texture":"#0"},"south":{"uv":[8.5,0,8,7.75],"texture":"#0"},"west":{"uv":[8.5,0,8,7.75],"texture":"#0"},"up":{"uv":[8.5,0,8,0.5],"texture":"#0"},"down":{"uv":[8.25,7.5,8,7.75],"texture":"#0"}}},{"from":[-8,17,-8],"to":[24,17,24],"shade":false,"rotation":{"angle":0,"axis":"y","origin":[9,14,3.875]},"faces":{"north":{"uv":[6,12.875,6.25,16],"texture":"#missing","tintindex":0},"east":{"uv":[6.25,12.875,6,16],"texture":"#missing","tintindex":0},"south":{"uv":[6,12.875,6.25,16],"texture":"#missing","tintindex":0},"west":{"uv":[6.25,12.875,6,16],"texture":"#missing","tintindex":0},"up":{"uv":[0,8,8,16],"texture":"#0","tintindex":0},"down":{"uv":[0,8,8,16],"texture":"#0","tintindex":0}}},{"from":[-9,16.5,-9],"to":[25,16.5,25],"shade":false,"rotation":{"angle":0,"axis":"y","origin":[9,14,3.875]},"faces":{"up":{"uv":[0,0,8,7.75],"texture":"#0"},"down":{"uv":[0,0,8,7.75],"texture":"#0"}}}],"gui_light":"front","display":{"thirdperson_righthand":{"rotation":[74,0,4],"translation":[-0.75,3.75,14.75],"scale":[0.75,0.75,0.75]},"thirdperson_lefthand":{"rotation":[74,0,4],"translation":[-0.75,3.75,14.75],"scale":[0.75,0.75,0.75]},"firstperson_righthand":{"rotation":[8,0,10],"translation":[1.25,9.75,3.25],"scale":[0.75,0.75,0.75]},"firstperson_lefthand":{"rotation":[8,0,10],"translation":[1.25,9.75,3.25],"scale":[0.75,0.75,0.75]},"ground":{"scale":[0,0,0]},"gui":{"rotation":[-3,18,-37],"translation":[-1.25,0.25,0],"scale":[0,0,0]}}}